st_mun_id,cases,death,covid19,coviddeath,male,indigenous,usmer,hospital,edad,state,class
1001,2633,17,333,15,1223,4,788,197,37.83403,1,3
1002,22,0,2,0,12,0,7,7,49.81818,1,1
1003,96,1,10,0,43,3,36,4,40.041668,1,2
1004,26,0,0,0,13,0,1,2,34.46154,1,1
1005,207,1,18,0,97,0,24,16,34.874397,1,2
1006,88,0,14,0,43,0,17,7,34.136364,1,1
1007,146,0,16,0,69,2,38,8,36.267124,1,1
1008,32,0,5,0,14,1,3,2,31.5625,1,1
1009,27,0,3,0,14,0,8,5,31.629629,1,1
1010,13,0,2,0,7,0,5,2,42.615383,1,1
1011,70,0,4,0,21,0,22,10,33.642857,1,1
2001,589,33,154,20,263,11,194,135,41.067913,2,3
2002,2187,136,1126,109,1064,10,1292,697,44.679928,2,3
2003,222,17,110,13,119,2,8,88,43.752251,2,3
2004,2547,438,1422,340,1434,20,1099,1451,46.778957,2,3
2005,80,12,41,9,36,0,14,30,44.900002,2,3
3001,57,1,12,0,22,1,45,11,41.754387,3,2
3002,70,3,17,1,38,2,64,21,40.542858,3,3
3003,713,21,164,18,320,3,523,139,42.308556,3,3
3008,721,13,226,6,358,2,521,97,38.147018,3,3
3009,31,0,0,0,16,0,28,1,42.161289,3,1
4001,17,1,10,1,12,7,4,8,41.823528,4,3
4002,265,12,73,8,146,1,81,80,42.599998,4,3
4003,329,22,130,15,208,2,144,105,44.765957,4,3
4004,21,1,8,0,16,0,4,9,46.714287,4,2
4005,11,0,6,0,9,3,8,4,37.363636,4,1
4006,7,0,1,0,3,3,0,2,41.857143,4,1
4007,16,2,3,1,7,0,1,4,46.5,4,3
4008,1,0,1,0,1,0,0,0,42,4,1
4009,11,0,0,0,4,1,5,5,33.090908,4,1
4010,21,1,3,1,10,0,1,4,33.476189,4,3
4011,46,4,18,3,17,0,2,16,42.282608,4,3
5001,2,0,0,0,1,0,1,0,47,5,1
5002,246,18,13,2,108,0,2,73,41.796749,5,3
5003,31,1,1,0,14,0,6,1,42,5,2
5004,20,0,2,0,13,0,6,4,35.799999,5,1
5005,4,0,0,0,3,0,3,0,50.25,5,1
5006,59,5,11,2,28,0,40,8,39.35593,5,3
5007,120,0,13,0,57,0,44,2,34.658333,5,1
5008,6,0,2,0,4,0,2,1,54.166668,5,1
5009,48,3,2,0,29,0,7,13,40.229168,5,2
5010,214,5,39,2,101,0,117,18,42.065422,5,3
5011,7,0,1,0,4,0,1,0,36.714287,5,1
5014,4,1,1,1,1,0,0,3,61,5,3
5015,1,0,1,0,1,0,1,1,55,5,1
5016,6,0,0,0,2,0,5,1,46,5,1
5017,148,6,22,4,68,0,22,21,37.797298,5,3
5018,1150,43,250,30,538,2,799,122,40.346958,5,3
5019,8,0,2,0,5,0,1,1,40.25,5,1
5020,69,2,5,2,37,0,3,10,42.2029,5,3
5021,13,1,2,0,4,0,12,1,48.153847,5,2
5022,14,1,0,0,5,0,3,2,35.785713,5,2
5023,20,0,5,0,8,0,3,0,30.75,5,1
5024,12,0,0,0,6,0,2,2,48.5,5,1
5025,459,4,27,1,257,2,168,21,37.503269,5,3
5027,68,1,8,0,34,0,26,11,35.808823,5,2
5028,85,3,1,0,34,0,5,9,37.129414,5,2
5029,63,2,20,2,33,0,19,3,37.888889,5,3
5030,1011,25,76,4,468,2,365,164,39.776459,5,3
5031,38,3,2,1,19,0,18,4,45.13158,5,3
5032,67,2,3,0,34,0,23,8,37.238808,5,2
5033,120,5,8,0,75,0,11,35,42.224998,5,2
5034,2,0,0,0,1,0,1,2,51.5,5,1
5035,1328,16,106,3,652,1,476,141,40.208584,5,3
5036,7,1,2,0,2,0,4,3,53.42857,5,2
5037,4,0,0,0,2,0,1,0,27.5,5,1
5038,4,0,0,0,1,0,1,0,30,5,1
6001,15,1,2,1,9,0,10,8,46.733334,6,3
6002,76,3,4,0,31,0,66,21,36.75,6,2
6003,11,0,0,0,5,0,11,6,49.090908,6,1
6004,5,0,1,0,5,0,3,1,40.400002,6,1
6005,9,0,3,0,4,1,7,3,43.111111,6,1
6007,91,8,30,6,52,0,34,49,44.384617,6,3
6008,1,0,1,0,1,0,0,1,41,6,1
6009,68,3,7,0,34,1,34,33,45.779411,6,2
6010,70,4,6,0,32,1,63,16,36.900002,6,2
7001,2,0,0,0,0,0,1,1,57,7,1
7002,12,1,7,1,4,0,10,5,46.916668,7,3
7003,3,0,0,0,1,0,3,2,49.666668,7,1
7004,4,0,3,0,4,3,0,3,45,7,1
7005,1,0,0,0,1,0,1,0,24,7,1
7006,1,0,0,0,1,0,1,1,0,7,1
7008,2,0,0,0,1,0,1,0,27.5,7,1
7009,15,0,5,0,4,0,9,2,39.400002,7,1
7012,12,0,4,0,4,0,10,3,38.833332,7,1
7013,3,0,0,0,1,1,1,1,28.333334,7,1
7014,1,0,0,0,1,1,0,0,6,7,1
7015,7,1,4,1,3,0,6,1,38.57143,7,3
7016,7,0,1,0,5,0,5,0,42.42857,7,1
7017,14,1,1,0,8,1,9,4,29.214285,7,2
7018,3,0,0,0,3,0,2,0,26,7,1
7019,32,2,11,2,22,1,29,13,37.375,7,3
7020,2,1,0,0,2,0,1,1,12,7,2
7021,4,0,1,0,1,0,4,1,39.75,7,1
7023,2,1,1,1,1,2,2,1,38.5,7,3
7026,3,0,2,0,2,3,3,3,36.333332,7,1
7027,44,2,10,1,28,0,37,6,40.636364,7,3
7028,3,1,2,1,0,0,3,2,46.333332,7,3
7029,1,0,1,0,1,0,0,0,27,7,1
7030,4,0,1,0,3,0,4,3,32,7,1
7031,3,0,1,0,2,2,2,1,40.333332,7,1
7032,1,0,1,0,1,0,1,1,53,7,1
7033,1,0,0,0,1,0,1,0,5,7,1
7034,9,0,3,0,4,0,9,3,25.666666,7,1
7035,1,0,0,0,1,0,1,1,70,7,1
7036,1,0,1,0,1,0,0,1,51,7,1
7037,4,0,3,0,3,0,4,2,33.75,7,1
7040,9,1,4,0,2,0,5,2,39.555557,7,2
7041,4,1,2,1,4,0,2,1,46,7,3
7042,1,0,0,0,1,0,0,0,22,7,1
7044,1,0,0,0,1,1,1,0,38,7,1
7045,1,0,1,0,0,0,1,0,58,7,1
7046,3,0,0,0,2,0,1,1,31,7,1
7047,1,0,0,0,0,0,1,0,36,7,1
7048,5,1,2,1,2,0,3,3,39.400002,7,3
7051,1,0,0,0,1,0,1,1,47,7,1
7052,7,1,1,1,4,2,7,5,38.714287,7,3
7054,2,0,0,0,0,0,1,1,17,7,1
7055,1,0,0,0,0,0,0,0,32,7,1
7056,1,0,0,0,1,0,1,1,1,7,1
7057,7,1,4,1,5,1,0,6,45.714287,7,3
7058,1,0,1,0,0,0,1,0,19,7,1
7059,36,2,8,1,21,9,18,13,41.25,7,3
7060,2,0,0,0,1,1,2,1,31,7,1
7061,22,0,4,0,11,0,19,8,42.909092,7,1
7062,4,0,2,0,3,0,4,0,41.25,7,1
7064,2,0,0,0,1,1,2,2,19.5,7,1
7065,80,2,32,2,44,6,79,15,39.224998,7,3
7068,13,0,4,0,8,0,11,5,27.692308,7,1
7069,10,0,2,0,4,0,8,3,51.799999,7,1
7071,1,0,0,0,1,0,1,0,7,7,1
7073,1,0,0,0,1,0,1,1,3,7,1
7074,30,2,18,1,18,1,27,21,47.866665,7,3
7077,8,1,3,0,4,3,5,5,46.125,7,2
7078,106,4,47,1,59,9,85,48,41.64151,7,3
7079,10,0,3,0,4,0,7,3,34.700001,7,1
7081,5,1,1,0,0,2,2,3,13.6,7,2
7085,2,1,1,1,2,0,2,2,19,7,3
7086,6,0,1,0,4,0,3,4,27.833334,7,1
7087,2,0,0,0,2,0,1,1,34.5,7,1
7089,161,4,58,4,103,0,132,39,41.416149,7,3
7091,1,0,1,0,0,0,1,1,53,7,1
7092,9,1,3,1,3,2,9,2,32.444443,7,3
7093,1,0,0,0,1,1,1,0,45,7,1
7094,5,0,1,0,3,0,4,4,43.799999,7,1
7096,2,0,2,0,2,1,2,1,54,7,1
7097,52,1,22,1,30,0,25,4,39.423077,7,3
7098,3,0,1,0,1,0,3,1,26,7,1
7099,5,0,0,0,4,0,4,3,38.799999,7,1
7100,9,1,7,1,8,7,9,5,49.777779,7,3
7101,572,17,171,9,295,3,421,70,39.96154,7,3
7102,7,0,1,0,3,0,4,1,35.142857,7,1
7103,2,1,0,0,0,0,1,2,57,7,2
7104,2,0,0,0,2,0,1,1,35.5,7,1
7105,1,0,0,0,1,0,1,0,6,7,1
7106,20,1,11,1,10,2,6,6,42.099998,7,3
7107,3,0,1,0,1,0,2,1,44.666668,7,1
7108,20,2,7,1,17,0,16,7,40.25,7,3
7109,18,0,7,0,14,4,15,2,40.166668,7,1
7110,1,0,1,0,0,0,1,0,30,7,1
7111,2,1,0,0,1,1,1,1,4,7,2
7113,1,1,0,0,0,1,1,1,39,7,2
7114,7,0,4,0,6,3,6,5,52.285713,7,1
7116,2,0,0,0,2,0,1,1,27,7,1
8001,4,1,3,0,2,0,2,2,57,8,2
8002,7,1,1,0,4,0,6,4,34.285713,8,2
8004,1,0,0,0,0,0,1,0,29,8,1
8005,4,1,1,1,3,0,1,3,63.5,8,3
8006,6,1,5,1,2,0,3,4,48,8,3
8007,2,0,0,0,2,1,0,2,59,8,1
8008,1,0,0,0,1,1,0,1,36,8,1
8009,7,0,1,0,3,1,2,6,32.57143,8,1
8010,4,0,2,0,3,0,1,2,54.5,8,1
8011,13,3,1,1,5,0,6,9,44.53846,8,3
8012,4,0,0,0,1,4,4,4,1.75,8,1
8013,6,1,0,0,2,0,2,5,28.333334,8,2
8017,69,3,7,2,38,2,22,26,43.231884,8,3
8018,1,0,0,0,1,0,0,1,83,8,1
8019,801,50,221,29,395,7,504,320,43.39201,8,3
8021,146,6,11,0,68,0,106,36,42.534248,8,2
8023,1,0,1,0,1,0,0,1,57,8,1
8027,28,2,4,0,15,8,0,9,35.964287,8,2
8028,2,2,2,2,0,0,0,2,55.5,8,3
8029,3,0,1,0,2,0,2,2,43.666668,8,1
8030,2,2,0,0,1,2,0,2,47,8,2
8031,4,0,1,0,3,0,1,3,55.25,8,1
8032,64,0,12,0,25,0,8,20,42.484375,8,1
8034,1,0,0,0,1,0,0,1,57,8,1
8035,1,0,0,0,0,0,0,1,72,8,1
8036,9,1,2,0,3,0,0,5,56.666668,8,2
8037,1139,159,502,124,632,10,453,601,46.145741,8,3
8038,5,1,1,0,4,0,1,5,55.799999,8,2
8039,1,0,0,0,0,0,0,1,59,8,1
8040,2,1,0,0,2,0,1,2,13,8,2
8041,1,0,0,0,1,0,0,0,32,8,1
8042,2,0,0,0,1,0,0,1,42.5,8,1
8045,20,0,3,0,8,0,10,11,43.25,8,1
8046,1,1,0,0,0,1,0,1,60,8,2
8048,12,0,7,0,7,0,0,7,44.916668,8,1
8050,25,2,4,0,8,0,12,4,38.080002,8,2
8051,1,0,0,0,1,0,0,1,77,8,1
8052,28,0,1,0,11,4,1,5,41.142857,8,1
8053,1,0,0,0,1,1,1,0,30,8,1
8054,1,0,0,0,0,0,0,0,37,8,1
8055,7,3,2,1,2,0,4,5,50.42857,8,3
8060,7,0,1,0,4,0,0,2,36.142857,8,1
8062,13,0,1,0,9,0,8,12,63.076923,8,1
8063,1,0,1,0,1,0,0,1,76,8,1
8065,1,0,0,0,0,1,0,1,17,8,1
9002,1768,61,528,45,873,3,237,429,43.093327,0,3
9003,2199,59,715,43,1126,13,641,414,42.884949,0,3
9004,760,18,226,13,368,3,334,116,41.844738,0,3
9005,4508,273,1529,206,2395,22,1531,1210,43.359806,0,3
9006,1934,71,681,51,969,12,769,447,45.082729,0,3
9007,6318,271,2319,185,3452,34,1809,1672,43.805794,0,3
9008,1236,30,278,22,536,4,213,131,40.682037,0,3
9009,812,8,300,7,394,8,77,97,40.779556,0,3
9010,2382,103,758,74,1212,9,1123,573,43.362301,0,3
9011,1691,18,495,14,812,12,592,208,40.90538,0,3
9012,2647,70,933,47,1322,8,956,448,42.221004,0,3
9013,2048,45,614,31,979,17,662,315,41.370605,0,3
9014,1711,53,466,36,870,7,670,325,43.534191,0,3
9015,2087,85,694,73,1098,10,624,489,44.327263,0,3
9016,1579,47,552,37,827,7,377,316,44.084866,0,3
9017,1813,60,576,44,932,13,551,355,44.296196,0,3
9020,1,0,0,0,0,0,0,0,61,0,1
10001,5,0,0,0,1,0,3,4,62.200001,10,1
10004,7,1,0,0,2,0,0,6,64.85714,10,2
10005,503,13,51,5,247,1,364,112,41.787277,10,3
10006,3,0,2,0,1,0,2,2,55.666668,10,1
10007,480,5,39,5,224,0,207,141,40.502083,10,3
10008,39,3,19,3,20,0,1,6,46.384617,10,3
10009,4,1,0,0,4,0,0,2,48,10,2
10010,3,0,1,0,1,0,0,0,37,10,1
10011,1,0,0,0,0,0,0,0,30,10,1
10012,136,0,3,0,62,0,59,38,41.60294,10,1
10013,18,1,1,0,13,0,0,10,54.388889,10,2
10014,4,1,0,0,2,3,0,3,53.5,10,2
10015,5,0,2,0,2,0,0,3,58.200001,10,1
10016,4,0,1,0,2,0,3,2,39,10,1
10017,1,0,0,0,1,0,0,0,29,10,1
10018,7,0,1,0,3,0,1,3,56.57143,10,1
10019,1,0,1,0,0,0,0,1,63,10,1
10022,8,0,6,0,4,0,1,2,66.75,10,1
10023,15,1,2,1,9,0,2,9,36.333332,10,3
10024,6,1,0,0,4,0,1,4,46.5,10,2
10025,3,0,2,0,1,0,0,0,54.333332,10,1
10027,3,0,0,0,1,0,1,2,47.666668,10,1
10028,8,0,2,0,1,0,1,1,46.875,10,1
10029,1,0,0,0,0,0,0,1,72,10,1
10030,1,0,0,0,1,0,0,1,64,10,1
10031,1,0,0,0,0,0,0,0,36,10,1
10032,14,0,2,0,7,0,3,11,59.42857,10,1
10034,6,0,3,0,0,0,0,4,27,10,1
10035,2,0,0,0,2,0,1,1,27,10,1
10036,25,1,5,1,10,0,3,22,51.959999,10,3
10038,12,1,1,0,9,0,10,1,32,10,2
10039,2,0,0,0,0,0,0,2,56,10,1
11001,36,0,3,0,15,0,2,8,40.166668,11,1
11002,158,9,12,5,62,2,71,30,43.930378,11,3
11003,78,2,11,0,43,2,1,14,41.448719,11,2
11004,26,1,2,0,11,0,3,5,42.846153,11,2
11005,80,1,6,0,37,0,1,10,38.3125,11,2
11006,2,0,1,0,2,0,1,2,41,11,1
11007,445,24,66,15,204,2,282,96,42.12809,11,3
11008,11,0,0,0,3,0,0,5,38.18182,11,1
11009,35,1,2,0,12,0,3,6,42.228573,11,2
11010,58,0,2,0,26,0,0,0,30.086206,11,1
11011,102,5,10,2,42,0,13,21,43.274509,11,3
11012,47,0,1,0,20,0,0,1,42.574467,11,1
11013,9,1,2,0,6,0,1,5,41.888889,11,2
11014,75,2,2,0,35,0,1,13,34.986668,11,2
11015,185,5,13,2,86,1,40,34,36.918919,11,3
11016,41,0,2,0,21,0,0,3,41,11,1
11017,533,18,45,3,222,1,53,70,38.786118,11,3
11018,32,1,4,1,13,0,2,7,40.84375,11,3
11019,133,0,1,0,52,1,5,7,29.1203,11,1
11020,4052,17,231,6,2138,5,279,282,36.999752,11,3
11021,51,2,9,2,29,0,2,4,41.470589,11,3
11022,33,1,0,0,16,0,1,4,40.18182,11,2
11023,159,2,5,1,68,0,17,7,37.64151,11,3
11024,23,0,0,0,7,0,0,2,34.608696,11,1
11025,20,0,0,0,6,0,1,2,29.85,11,1
11026,64,2,14,1,27,1,3,20,37.171875,11,3
11027,274,13,69,10,142,2,68,58,42.390511,11,3
11028,231,1,14,1,110,2,5,11,37.450218,11,3
11029,74,1,3,0,28,0,4,6,36.851353,11,2
11030,93,1,2,0,33,0,1,14,32.537636,11,2
11031,76,1,3,1,30,0,1,11,37.302631,11,3
11032,19,0,1,0,8,1,1,5,40.526318,11,1
11033,108,9,24,5,41,1,45,23,39.944443,11,3
11034,1,0,0,0,1,0,0,1,16,11,1
11035,70,1,13,1,36,0,4,11,40.371429,11,3
11036,47,0,3,0,16,0,0,1,44.234043,11,1
11037,81,2,14,1,37,0,44,18,41.65432,11,3
11038,53,0,2,0,25,0,2,1,24.075472,11,1
11039,44,0,0,0,18,0,0,5,38.454544,11,1
11040,20,0,0,0,8,0,1,3,31.75,11,1
11041,48,1,7,0,23,0,1,7,39.5,11,2
11042,87,2,10,1,44,0,17,17,37.689655,11,3
11043,5,0,1,0,3,0,4,2,45.799999,11,1
11044,43,0,1,0,16,0,2,8,35.88372,11,1
11045,5,0,0,0,3,0,2,2,49.400002,11,1
11046,63,1,8,1,24,0,0,4,37.873016,11,3
12001,1126,38,370,23,576,1,455,275,44.021313,12,3
12002,6,1,2,1,4,0,4,4,40.833332,12,3
12003,6,0,1,0,3,0,1,0,44.333332,12,1
12004,1,0,0,0,1,0,1,1,34,12,1
12005,1,1,0,0,0,0,0,1,65,12,2
12006,1,0,0,0,0,0,0,0,32,12,1
12007,22,0,6,0,10,0,2,3,38.954544,12,1
12008,1,1,1,1,0,0,0,0,79,12,3
12010,2,0,0,0,1,0,2,2,36.5,12,1
12011,13,4,2,1,9,0,3,6,46.153847,12,3
12012,13,1,3,0,6,4,5,4,44.384617,12,2
12013,1,0,0,0,1,0,0,1,4,12,1
12014,5,0,1,0,2,0,0,2,45.200001,12,1
12015,6,2,3,1,3,0,4,3,63.333332,12,3
12016,1,0,0,0,1,0,1,1,77,12,1
12017,3,1,1,1,1,0,1,1,45.333332,12,3
12018,4,1,1,1,3,0,2,3,42.25,12,3
12020,1,0,0,0,0,1,0,1,60,12,1
12021,18,2,12,1,12,0,12,14,47.277779,12,3
12022,11,1,1,0,6,0,5,4,48.272728,12,2
12023,1,0,0,0,0,0,1,1,40,12,1
12026,2,0,1,0,1,0,2,2,54,12,1
12027,5,0,2,0,3,0,2,2,44.400002,12,1
12028,22,2,10,2,13,0,5,10,40.227272,12,3
12029,263,19,78,11,134,2,81,85,44.307983,12,3
12030,2,0,0,0,2,0,1,1,43,12,1
12032,6,0,0,0,3,0,0,1,40.5,12,1
12033,6,4,4,3,3,1,1,5,50,12,3
12034,8,0,0,0,2,0,1,1,50.25,12,1
12035,205,27,64,16,127,0,62,102,50.20488,12,3
12037,1,0,0,0,1,0,0,0,5,12,1
12038,27,2,6,0,17,1,1,7,40,12,2
12039,33,1,14,1,19,0,4,6,40.515152,12,3
12040,2,0,0,0,1,0,1,1,67.5,12,1
12041,1,1,0,0,0,0,1,1,55,12,2
12042,7,0,3,0,5,1,1,3,52.142857,12,1
12043,1,0,0,0,0,1,1,1,60,12,1
12044,1,0,0,0,0,0,0,0,48,12,1
12045,1,0,1,0,1,0,1,1,90,12,1
12046,8,0,0,0,5,0,0,2,42.75,12,1
12048,8,0,1,0,5,0,0,4,51.5,12,1
12049,4,0,2,0,2,1,2,3,43.5,12,1
12050,23,2,5,1,13,0,9,5,48.434784,12,3
12051,1,0,1,0,1,0,1,1,48,12,1
12052,2,1,0,0,1,0,2,2,42.5,12,2
12053,14,1,3,0,8,0,4,6,42.642857,12,2
12054,2,0,0,0,0,0,0,1,44.5,12,1
12055,81,13,34,10,47,0,36,51,49.753086,12,3
12056,1,1,0,0,0,0,1,1,18,12,2
12057,4,0,0,0,2,0,3,4,39.75,12,1
12058,14,1,2,0,10,0,5,6,41.42857,12,2
12059,16,3,2,1,7,1,12,12,51.5625,12,3
12060,1,0,0,0,1,0,0,1,13,12,1
12061,27,2,9,2,14,2,5,6,38.333332,12,3
12062,3,1,0,0,1,2,0,3,60.333332,12,2
12066,50,2,21,1,32,14,5,18,44,12,3
12067,4,0,0,0,4,0,0,1,30.75,12,1
12068,18,2,12,2,14,0,6,5,49.5,12,3
12069,1,1,1,1,1,1,1,1,54,12,3
12070,18,6,13,5,11,0,3,11,54.222221,12,3
12071,2,1,0,0,1,2,0,1,29.5,12,2
12072,1,0,0,0,1,1,1,1,34,12,1
12073,3,0,0,0,1,0,0,1,46.333332,12,1
12074,9,0,1,0,3,3,1,1,39,12,1
12075,15,1,2,0,9,0,8,9,52.799999,12,2
12076,1,0,0,0,1,1,1,1,78,12,1
12077,1,0,0,0,0,0,0,1,37,12,1
12079,2,1,0,0,0,2,2,1,45,12,2
12080,1,0,0,0,0,0,0,1,65,12,1
12081,1,0,0,0,1,1,0,1,60,12,1
13001,5,1,4,1,3,0,3,3,38.599998,13,3
13002,11,2,2,1,7,4,9,9,33,13,3
13003,31,3,13,1,21,0,25,13,47.354839,13,3
13004,2,0,2,0,1,0,1,2,40,13,1
13005,4,0,0,0,2,0,0,3,43,13,1
13006,3,0,2,0,1,0,2,2,36,13,1
13007,3,0,0,0,3,0,1,3,24.666666,13,1
13008,29,4,12,3,22,0,15,18,43.275864,13,3
13009,6,1,1,1,4,0,4,5,50.833332,13,3
13010,17,2,4,2,12,0,2,8,45.764706,13,3
13012,14,2,5,2,9,0,1,2,44.714287,13,3
13013,26,3,7,2,13,0,3,17,44.384617,13,3
13014,2,0,2,0,2,0,1,0,36.5,13,1
13015,7,1,4,1,4,6,3,3,47.57143,13,3
13016,14,4,8,3,10,0,7,9,49.285713,13,3
13017,3,1,0,0,2,0,2,3,49.333332,13,2
13018,2,0,1,0,1,0,0,1,18,13,1
13019,3,1,3,1,2,1,2,2,48,13,3
13021,17,3,11,2,13,0,7,9,43.470589,13,3
13022,12,0,5,0,6,0,11,6,41.333332,13,1
13023,10,1,3,0,6,0,5,8,42.5,13,2
13024,6,2,5,2,5,0,3,5,43.333332,13,3
13025,1,0,0,0,1,0,0,0,31,13,1
13027,2,0,0,0,1,1,0,2,71.5,13,1
13028,39,2,12,2,17,9,27,15,46.025642,13,3
13029,5,1,1,0,2,0,4,4,64.800003,13,2
13030,23,3,5,1,12,7,12,11,45.565216,13,3
13031,1,0,1,0,1,0,1,0,57,13,1
13034,3,1,0,0,1,0,0,1,43,13,2
13035,2,0,0,0,2,0,0,1,40,13,1
13036,3,0,1,0,2,0,1,3,38.333332,13,1
13037,7,2,5,2,5,0,2,3,51.42857,13,3
13038,5,0,3,0,3,0,1,1,52.799999,13,1
13039,10,2,3,2,4,0,6,4,42.099998,13,3
13040,1,0,0,0,1,0,0,1,0,13,1
13041,21,2,9,2,11,0,8,10,49.095238,13,3
13042,1,0,0,0,0,0,1,0,16,13,1
13043,1,0,0,0,0,0,0,1,74,13,1
13044,1,0,0,0,0,0,0,0,37,13,1
13045,2,0,0,0,0,0,1,1,14.5,13,1
13046,8,0,3,0,5,2,5,4,42.125,13,1
13048,502,29,158,23,257,2,301,115,42.324699,13,3
13049,4,2,1,1,1,0,2,3,54,13,3
13050,10,1,4,1,4,0,5,5,43.599998,13,3
13051,153,7,54,6,82,1,94,36,41.836601,13,3
13052,25,5,14,4,7,0,15,10,47.880001,13,3
13053,2,0,1,0,1,0,2,1,54,13,1
13054,16,3,7,3,10,1,13,11,49.5625,13,3
13055,6,0,5,0,3,1,3,2,46.5,13,1
13056,15,0,5,0,8,0,4,9,45.333332,13,1
13057,10,1,4,1,6,0,6,4,47.5,13,3
13058,3,0,0,0,2,0,2,3,51,13,1
13059,11,1,3,0,4,1,8,6,38.545456,13,2
13060,5,1,1,0,3,1,2,1,39.599998,13,2
13061,56,2,20,1,35,0,20,21,47.017857,13,3
13062,4,0,1,0,2,2,2,3,43.25,13,1
13063,49,5,18,3,26,0,35,16,46.42857,13,3
13064,4,0,1,0,3,0,2,2,39.75,13,1
13065,8,1,3,0,3,0,4,3,42.25,13,2
13066,5,1,2,1,3,0,2,2,39.599998,13,3
13067,40,9,28,9,22,0,22,22,43.974998,13,3
13068,1,0,0,0,0,0,1,1,81,13,1
13069,171,11,85,8,99,0,108,57,41.923977,13,3
13070,11,0,7,0,7,0,6,5,45.090908,13,1
13071,2,0,0,0,2,0,1,1,71,13,1
13072,7,1,2,0,3,0,1,3,45.285713,13,2
13073,3,0,0,0,2,1,1,1,14.666667,13,1
13074,33,4,14,4,12,0,11,15,46.545456,13,3
13075,28,1,15,1,14,1,6,4,41.464287,13,3
13076,89,10,29,9,37,1,38,42,47.505619,13,3
13077,99,9,37,6,51,1,48,49,40.18182,13,3
13078,4,0,3,0,2,3,1,1,35.25,13,1
13080,1,0,0,0,1,0,0,1,1,13,1
13081,6,1,0,0,4,0,5,3,40.166668,13,2
13082,17,1,10,1,6,0,7,8,50.176472,13,3
13083,36,2,10,2,19,0,13,10,42.527779,13,3
13084,4,0,1,0,3,0,2,2,24,13,1
14001,44,1,2,1,21,0,4,8,39.363636,14,3
14002,16,1,0,0,11,0,1,9,45.1875,14,2
14003,13,0,1,0,7,0,1,1,23.923077,14,1
14004,1,0,0,0,0,0,0,0,35,14,1
14005,10,1,0,0,6,0,0,2,38.900002,14,2
14006,59,0,10,0,42,0,2,1,34.016949,14,1
14007,3,0,0,0,2,0,0,1,39,14,1
14008,34,2,1,0,16,0,2,7,36,14,2
14009,9,0,0,0,7,0,1,1,31.333334,14,1
14010,5,0,0,0,1,0,0,0,36.599998,14,1
14011,10,0,0,0,6,0,0,0,41,14,1
14012,2,1,0,0,1,0,0,1,47.5,14,2
14013,20,0,0,0,10,0,2,4,42.450001,14,1
14014,6,0,0,0,6,0,3,4,63.5,14,1
14015,91,3,1,0,46,0,3,21,44.78022,14,2
14016,8,0,1,0,4,0,6,5,59,14,1
14017,8,0,0,0,5,0,0,2,32.5,14,1
14018,115,2,6,2,65,2,94,15,40.426086,14,3
14019,5,0,0,0,4,2,2,3,43.799999,14,1
14020,2,0,0,0,1,0,0,1,60.5,14,1
14021,13,0,0,0,10,0,0,2,35.76923,14,1
14022,32,0,1,0,19,0,1,6,43.78125,14,1
14023,164,0,4,0,76,0,136,8,44.158535,14,1
14024,22,0,1,0,14,0,1,6,45.272728,14,1
14025,32,1,6,1,16,0,31,5,39.8125,14,3
14026,2,0,0,0,2,0,1,0,33.5,14,1
14027,6,0,0,0,5,0,0,2,49.666668,14,1
14028,43,0,10,0,25,0,0,1,39.697674,14,1
14029,8,0,0,0,4,0,0,1,52.625,14,1
14030,28,0,0,0,11,0,1,3,42.75,14,1
14031,1,0,0,0,0,0,0,0,21,14,1
14032,7,0,0,0,3,0,0,0,38.57143,14,1
14033,16,1,4,1,7,0,8,3,54.0625,14,3
14034,7,0,0,0,0,0,0,0,38,14,1
14035,23,0,0,0,14,0,3,7,45.434784,14,1
14036,7,0,0,0,3,0,1,1,32,14,1
14037,51,2,4,1,24,0,12,11,39.941177,14,3
14038,6,0,0,0,4,0,0,0,32.333332,14,1
14039,2193,84,217,24,1064,6,422,477,42.579571,14,3
14040,3,0,0,0,1,0,0,2,43,14,1
14041,13,0,1,0,4,0,2,1,49.46154,14,1
14042,1,0,0,0,1,0,0,0,37,14,1
14043,22,0,0,0,10,0,1,1,43.636364,14,1
14044,6,1,1,0,5,0,0,4,52.166668,14,2
14045,10,1,0,0,2,0,1,4,47.200001,14,2
14046,10,0,0,0,6,1,0,2,44,14,1
14047,27,0,5,0,16,0,13,2,45.444443,14,1
14048,21,0,1,0,10,0,2,2,49.904762,14,1
14049,4,0,0,0,2,0,0,0,32.5,14,1
14050,31,0,0,0,18,0,1,7,44.096775,14,1
14051,22,0,4,0,11,1,0,0,29.136364,14,1
14052,3,0,0,0,3,0,0,0,33.666668,14,1
14053,88,3,2,0,39,0,9,21,41.625,14,2
14054,7,0,0,0,2,0,3,4,53.285713,14,1
14055,12,0,0,0,7,0,0,2,41.166668,14,1
14056,8,0,0,0,3,0,0,0,35.375,14,1
14057,5,0,0,0,3,0,0,0,33.599998,14,1
14058,3,0,0,0,3,0,0,0,37.333332,14,1
14059,4,0,0,0,1,0,1,1,21.75,14,1
14060,2,0,0,0,1,0,0,1,38,14,1
14061,5,0,0,0,3,2,0,2,42.599998,14,1
14062,5,0,0,0,3,0,0,0,36,14,1
14063,176,8,31,3,86,0,7,37,42.19318,14,3
14064,38,0,0,0,16,0,2,3,37.894737,14,1
14065,2,0,0,0,1,0,1,0,31.5,14,1
14066,36,1,5,1,19,0,1,6,40.361111,14,3
14067,530,14,121,12,270,3,41,91,40.637737,14,3
14068,8,0,0,0,4,0,0,2,56.75,14,1
14069,3,0,0,0,2,0,0,0,61.666668,14,1
14070,137,3,15,2,78,0,26,43,35.328468,14,3
14071,5,0,0,0,4,0,0,0,38.599998,14,1
14072,6,0,0,0,1,0,0,0,33.5,14,1
14073,134,0,17,0,107,0,1,10,36.268658,14,1
14074,15,1,2,1,6,0,0,2,33.599998,14,3
14075,6,0,0,0,2,0,0,0,36.166668,14,1
14076,3,0,0,0,1,0,0,2,48.666668,14,1
14077,19,0,1,0,8,0,0,7,51.263157,14,1
14078,49,1,0,0,34,0,1,5,39.714287,14,2
14079,7,0,0,0,4,0,5,3,45,14,1
14080,9,0,0,0,7,0,0,0,43,14,1
14081,1,0,0,0,1,0,1,1,78,14,1
14082,7,2,0,0,3,0,2,3,42.42857,14,2
14083,33,0,0,0,19,0,2,5,36.363636,14,1
14084,34,0,2,0,20,0,0,1,33.470589,14,1
14085,20,1,0,0,14,1,14,5,42.349998,14,2
14086,5,0,0,0,2,0,1,1,39.400002,14,1
14087,6,0,0,0,5,0,1,1,40.333332,14,1
14088,15,2,2,1,5,0,3,5,51.400002,14,3
14089,1,0,0,0,1,0,0,0,22,14,1
14090,7,0,0,0,4,0,0,0,43,14,1
14091,26,0,0,0,6,0,3,3,40.115383,14,1
14092,4,0,0,0,1,0,0,0,35,14,1
14093,193,4,2,1,92,3,13,40,38.124352,14,3
14094,61,2,5,1,27,0,3,9,39.606556,14,3
14095,2,0,0,0,0,0,0,0,30.5,14,1
14096,33,0,5,0,17,0,1,2,33.454544,14,1
14097,392,14,26,4,197,5,50,136,40.028061,14,3
14098,405,8,41,1,201,0,105,105,39.017284,14,3
14099,4,0,0,0,2,0,3,1,48.75,14,1
14100,36,4,6,3,16,0,0,5,46.472221,14,3
14101,463,11,62,4,286,2,54,87,38.950325,14,3
14102,11,0,0,0,7,0,2,3,38,14,1
14103,9,0,1,0,6,0,2,2,48.333332,14,1
14104,2,0,0,0,1,0,0,1,67.5,14,1
14105,7,0,0,0,5,0,1,2,36.142857,14,1
14106,1,0,0,0,1,0,0,0,44,14,1
14107,2,0,0,0,2,0,0,1,49,14,1
14108,16,0,2,0,13,0,6,7,57,14,1
14109,20,0,0,0,6,0,0,0,27.35,14,1
14110,10,0,0,0,7,0,1,1,31.4,14,1
14111,14,0,0,0,9,0,1,1,47.642857,14,1
14112,4,0,0,0,2,0,0,0,44,14,1
14113,1,0,0,0,1,0,1,0,64,14,1
14114,13,0,0,0,3,0,0,2,46.76923,14,1
14115,2,0,0,0,2,0,0,0,47.5,14,1
14116,14,0,0,0,8,0,1,1,35.785713,14,1
14117,15,0,0,0,4,0,0,0,38.599998,14,1
14118,31,0,1,0,20,1,0,5,38.580647,14,1
14119,9,0,0,0,6,0,0,3,52.555557,14,1
14120,1541,19,105,1,749,9,250,250,39.489941,14,3
14121,12,0,1,0,6,0,4,7,47.333332,14,1
14122,11,0,0,0,7,0,0,0,44.18182,14,1
14123,8,2,1,1,5,0,1,4,58.875,14,3
14124,84,0,10,0,44,0,3,8,36.892857,14,1
14125,7,0,0,0,3,0,1,3,44.857143,14,1
15001,46,1,5,0,26,3,12,18,38.413044,15,2
15002,164,5,41,2,87,0,28,39,40.963413,15,3
15003,22,1,1,0,8,0,8,7,38.863636,15,2
15004,10,1,0,0,5,0,2,3,43,15,2
15005,90,3,23,1,56,1,30,37,45,15,3
15006,34,0,2,0,14,0,3,1,36.794117,15,1
15007,19,1,5,1,9,0,2,8,46.63158,15,3
15008,17,0,1,0,9,0,4,2,48.411766,15,1
15009,91,0,27,0,39,0,14,16,41.527473,15,1
15010,8,0,4,0,4,0,5,4,31,15,1
15011,47,4,10,2,25,1,13,19,40.872341,15,3
15012,144,4,21,2,82,0,67,58,43.909721,15,3
15013,698,47,256,34,340,11,299,243,45.581661,15,3
15014,176,5,9,4,87,2,95,69,39.409092,15,3
15015,21,2,6,1,12,0,4,8,48.476189,15,3
15016,29,0,4,0,10,1,3,6,45.241379,15,1
15017,10,0,2,0,4,0,2,2,48.900002,15,1
15018,90,1,13,0,45,2,20,17,42.077778,15,2
15019,56,4,7,3,24,0,20,19,42.80357,15,3
15020,326,13,120,11,169,1,66,117,44.996933,15,3
15021,29,1,4,1,16,0,6,11,32.793102,15,3
15022,30,2,10,0,14,0,14,9,40.366665,15,2
15023,47,6,15,4,22,0,11,15,43.489361,15,3
15024,366,14,127,9,193,1,110,107,44.01366,15,3
15025,896,26,320,22,466,8,251,323,42.006695,15,3
15026,25,0,0,0,16,0,1,2,36.759998,15,1
15027,31,0,3,0,16,0,0,1,43.419353,15,1
15028,25,0,3,0,12,0,5,6,46.639999,15,1
15029,236,4,67,4,110,1,72,75,43.046612,15,3
15030,18,0,4,0,5,0,5,6,39.666668,15,1
15031,977,45,364,39,544,17,183,506,43.766632,15,3
15032,23,1,0,0,7,4,2,5,39.217392,15,2
15033,2631,102,943,68,1430,13,539,981,44.230709,15,3
15034,6,0,4,0,3,0,3,2,40,15,1
15035,103,3,26,0,51,1,33,31,40.31068,15,2
15036,21,1,6,1,6,1,7,9,42.57143,15,3
15037,598,8,152,6,297,2,149,124,43.239132,15,3
15038,5,0,2,0,2,0,1,0,49.799999,15,1
15039,672,32,272,27,359,6,134,273,44.49107,15,3
15040,60,0,1,0,21,1,9,4,34.466667,15,1
15041,2,0,0,0,1,0,1,1,59,15,1
15042,151,20,54,15,92,15,62,95,45.562916,15,3
15043,69,3,13,2,34,0,13,14,42.275364,15,3
15044,14,1,3,0,11,0,4,5,37.214287,15,2
15045,135,2,5,1,47,0,3,15,36.844444,15,3
15046,15,1,5,0,11,0,3,3,40.133335,15,2
15047,34,2,7,1,17,3,13,21,38.823528,15,3
15048,91,2,10,1,51,1,32,25,36.67033,15,3
15049,11,1,0,0,6,0,9,6,38.909092,15,2
15050,17,0,3,0,9,0,2,4,44.411766,15,1
15051,176,2,37,1,78,0,38,45,42.221592,15,3
15052,5,0,0,0,4,0,1,0,38.599998,15,1
15053,62,2,16,1,30,0,20,27,43.30645,15,3
15054,449,6,91,4,230,2,68,73,41.67038,15,3
15055,14,1,2,0,8,0,8,7,47.42857,15,2
15056,27,2,1,1,12,1,8,8,38.444443,15,3
15057,1896,45,567,31,965,12,767,919,45.817509,15,3
15058,2761,106,968,79,1437,10,720,937,45.572258,15,3
15059,31,0,5,0,17,0,14,13,40.451614,15,1
15060,532,33,215,25,274,5,210,180,43.744362,15,3
15061,12,0,1,0,5,0,0,1,43.166668,15,1
15062,72,1,18,1,36,2,19,22,42.013889,15,3
15063,20,0,3,0,13,0,8,9,38.849998,15,1
15064,113,6,13,3,56,2,26,31,40.495575,15,3
15065,48,6,15,4,28,0,9,21,43.3125,15,3
15066,2,0,0,0,0,0,0,0,33.5,15,1
15067,65,1,14,1,32,1,31,32,42.892307,15,3
15068,43,1,10,1,17,0,4,12,38.255814,15,3
15069,3,0,1,0,2,0,1,0,45.333332,15,1
15070,395,16,150,14,227,2,86,172,46.324051,15,3
15071,5,0,0,0,2,0,0,1,43.400002,15,1
15072,25,1,3,0,10,0,1,2,46.439999,15,2
15073,49,1,6,1,24,1,7,7,42.959183,15,3
15074,99,4,20,3,53,22,24,47,41.474747,15,3
15075,29,0,6,0,12,0,2,2,41.172413,15,1
15076,87,2,20,0,51,1,19,32,41.942528,15,2
15077,3,0,1,0,2,0,1,2,48.333332,15,1
15078,13,0,0,0,4,0,1,1,33.307693,15,1
15079,26,4,3,3,9,0,2,7,48.384617,15,3
15080,29,2,1,1,12,1,4,5,38.655174,15,3
15081,656,23,222,18,336,4,255,192,43.533535,15,3
15082,93,4,2,1,45,1,57,13,35.935482,15,3
15083,19,1,9,1,10,1,3,6,38.789474,15,3
15084,22,3,6,2,15,0,7,9,34.863636,15,3
15085,67,3,3,2,37,1,13,10,38.537312,15,3
15086,18,0,2,0,10,1,4,5,38.277779,15,1
15087,82,4,27,3,50,4,43,51,41.695122,15,3
15088,167,2,11,1,56,0,109,20,39.832336,15,3
15089,7,0,1,0,2,1,0,4,43,15,1
15090,114,1,21,1,59,1,41,36,42.666668,15,3
15091,56,1,19,1,28,0,19,23,41.535713,15,3
15092,71,5,12,3,31,0,12,25,42,15,3
15093,15,1,6,1,8,0,2,7,47.599998,15,3
15094,24,4,12,3,11,0,4,13,43.791668,15,3
15095,70,2,21,2,39,0,26,35,50.400002,15,3
15096,16,0,2,0,7,0,9,10,44.375,15,1
15097,15,0,0,0,5,0,2,5,41.200001,15,1
15098,4,0,1,0,2,0,1,1,43.5,15,1
15099,319,14,104,9,170,5,93,111,44.708466,15,3
15100,41,1,16,0,22,0,11,8,40.585365,15,2
15101,69,2,12,1,34,3,15,14,41.217392,15,3
15102,15,0,1,0,5,0,4,4,40.666668,15,1
15103,104,1,29,1,48,0,28,27,42.740383,15,3
15104,1627,46,437,33,800,15,406,348,43.020897,15,3
15105,1,0,0,0,0,0,0,1,39,15,1
15106,1450,21,282,14,730,12,466,403,41.633793,15,3
15107,20,0,0,0,6,0,2,1,32.150002,15,1
15108,178,12,57,9,92,1,51,50,42.820225,15,3
15109,584,35,236,25,315,3,229,269,45.719177,15,3
15110,111,3,8,1,51,3,8,22,40.873875,15,3
15111,16,1,1,0,6,0,3,4,39.875,15,2
15112,16,0,3,0,9,0,4,6,44.25,15,1
15113,28,3,2,1,13,0,13,14,39.82143,15,3
15114,47,3,4,0,24,3,9,15,34.042553,15,2
15115,89,3,24,2,39,0,32,31,43.179775,15,3
15116,14,0,1,0,9,0,0,0,42.42857,15,1
15117,4,0,0,0,3,0,2,4,47,15,1
15118,159,7,36,5,90,1,58,63,42.106918,15,3
15119,31,0,2,0,16,0,14,3,37.387096,15,1
15120,205,12,60,8,105,1,93,79,42.009758,15,3
15121,590,34,208,18,288,1,164,233,46.228813,15,3
15122,402,44,178,37,235,4,228,276,47.584576,15,3
15123,7,1,0,0,3,0,1,3,47.714287,15,2
15124,38,4,6,2,23,2,10,16,45.13158,15,3
15125,15,0,4,0,6,0,9,5,43.400002,15,1
16001,1,0,0,0,1,0,0,0,40,16,1
16002,1,0,0,0,1,0,1,1,41,16,1
16003,24,3,4,2,14,0,4,6,42.333332,16,3
16004,13,1,0,0,4,1,2,4,44.53846,16,2
16005,4,0,0,0,3,0,3,2,51.5,16,1
16006,104,2,28,1,60,1,16,33,40.442307,16,3
16007,3,0,0,0,0,0,0,1,36.333332,16,1
16008,4,0,0,0,3,0,0,2,35,16,1
16009,8,0,1,0,3,0,5,2,44,16,1
16010,8,2,4,2,4,0,3,3,40.75,16,3
16012,17,1,1,0,6,1,1,4,32.235294,16,2
16013,5,0,0,0,3,0,1,0,49.599998,16,1
16014,3,0,1,0,2,0,1,1,40.666668,16,1
16015,4,0,0,0,2,0,0,2,56,16,1
16017,3,0,0,0,0,0,1,1,22.666666,16,1
16018,49,1,4,0,26,0,3,3,31.469387,16,2
16019,10,0,1,0,8,0,0,1,43.700001,16,1
16020,30,1,1,1,11,0,4,4,31.733334,16,3
16022,24,2,0,0,10,0,5,6,49.166668,16,2
16023,10,0,3,0,5,0,1,1,38.599998,16,1
16024,5,0,0,0,3,2,3,2,31.200001,16,1
16025,16,0,2,0,12,4,2,5,47.1875,16,1
16027,16,0,0,0,6,0,0,0,40.3125,16,1
16028,6,0,1,0,4,0,2,2,21.5,16,1
16030,3,2,0,0,2,0,2,2,34,16,2
16031,5,0,0,0,1,0,1,1,28.799999,16,1
16032,9,2,3,1,5,0,4,6,48.444443,16,3
16033,13,0,2,0,5,0,6,4,34.846153,16,1
16034,40,1,5,0,22,0,2,9,42.200001,16,2
16035,20,0,2,0,11,0,3,3,37.400002,16,1
16036,41,0,5,0,21,1,1,1,34.878048,16,1
16037,4,1,0,0,2,0,1,1,41.5,16,2
16038,26,4,3,2,14,0,4,7,38.576923,16,3
16039,2,0,1,0,0,0,1,2,33,16,1
16040,29,0,0,0,7,0,3,1,38.931034,16,1
16041,10,0,3,0,5,0,2,1,37.700001,16,1
16042,21,0,2,0,9,0,0,1,31.095238,16,1
16043,28,0,2,0,15,0,1,11,46.57143,16,1
16044,3,0,0,0,2,0,0,1,83,16,1
16045,9,2,1,1,6,1,1,4,39.444443,16,3
16046,15,1,6,1,12,0,6,3,45.400002,16,3
16047,6,0,2,0,1,0,3,3,45.333332,16,1
16048,1,0,0,0,0,0,1,1,51,16,1
16049,1,1,1,1,1,0,1,1,52,16,3
16050,69,0,12,0,31,0,5,4,38.768116,16,1
16051,2,0,0,0,1,0,0,0,44,16,1
16052,948,38,367,32,571,5,406,165,42.023209,16,3
16053,638,22,75,8,267,5,272,146,41.007835,16,3
16054,7,0,0,0,4,0,1,1,35.57143,16,1
16055,28,1,2,0,14,0,4,13,37.214287,16,2
16056,9,0,0,0,4,2,1,4,35.444443,16,1
16057,3,0,1,0,1,0,0,1,23.666666,16,1
16058,2,1,0,0,1,0,2,1,27.5,16,2
16059,1,1,1,1,0,0,1,1,85,16,3
16060,13,0,1,0,9,0,3,2,31.538462,16,1
16061,3,1,1,1,1,0,2,1,47,16,3
16062,1,0,0,0,0,0,0,1,67,16,1
16063,2,1,2,1,1,0,0,1,59.5,16,3
16064,5,1,1,0,4,0,2,2,58.599998,16,2
16065,10,0,1,0,5,2,6,6,42.299999,16,1
16066,43,2,13,1,15,6,27,9,34.418606,16,3
16067,2,0,0,0,0,0,0,0,33,16,1
16068,7,0,0,0,1,0,0,4,50.142857,16,1
16069,103,4,13,2,45,2,15,28,41.980583,16,3
16071,27,1,2,0,13,0,1,3,43.962963,16,2
16072,17,0,0,0,8,0,3,2,32.882355,16,1
16073,4,1,0,0,2,1,1,3,26.5,16,2
16075,30,3,0,0,14,2,2,7,40.233334,16,2
16076,23,1,3,1,13,0,0,4,55.826088,16,3
16077,6,1,1,0,3,0,2,3,37.5,16,2
16078,58,0,10,0,31,0,1,0,36.413792,16,1
16079,7,0,2,0,4,0,6,5,32.42857,16,1
16080,3,0,0,0,3,0,0,1,39,16,1
16081,9,0,6,0,4,0,5,3,49.888889,16,1
16082,21,1,1,1,11,0,10,12,34.666668,16,3
16083,6,0,1,0,3,0,4,5,57.166668,16,1
16084,6,1,1,0,4,1,2,1,63.166668,16,2
16085,5,0,0,0,3,0,1,2,51.599998,16,1
16086,15,0,1,0,6,0,2,4,43.599998,16,1
16087,10,0,0,0,4,0,10,4,29.6,16,1
16088,32,2,2,0,15,1,8,8,38.0625,16,2
16089,6,0,0,0,4,0,0,2,37.666668,16,1
16090,7,0,0,0,1,1,6,3,54.42857,16,1
16091,4,0,0,0,0,0,0,0,40.25,16,1
16093,15,0,7,0,6,0,3,3,40.066666,16,1
16094,3,1,0,0,1,0,3,3,78.333336,16,2
16095,3,0,0,0,2,0,0,3,44.333332,16,1
16096,1,0,0,0,0,0,0,0,66,16,1
16097,3,0,0,0,3,0,1,3,72.666664,16,1
16098,15,0,5,0,9,0,2,3,49.133335,16,1
16099,12,0,4,0,5,0,0,1,42.166668,16,1
16100,17,2,8,2,8,3,10,4,42.411766,16,3
16101,17,0,0,0,6,0,1,0,51.705883,16,1
16102,196,16,24,3,92,3,151,67,41.964287,16,3
16103,10,1,6,1,7,0,0,2,46.200001,16,3
16104,3,0,0,0,1,0,0,0,25.333334,16,1
16105,8,0,0,0,4,0,3,4,39.125,16,1
16106,34,1,5,0,11,0,4,3,31.970589,16,2
16107,24,1,0,0,10,0,1,13,50.375,16,2
16108,128,7,12,2,62,4,13,39,43.25,16,3
16109,9,0,3,0,4,0,2,2,42.111111,16,1
16110,49,1,14,0,24,0,8,7,29.918367,16,2
16111,1,0,0,0,1,0,1,1,78,16,1
16112,97,8,18,3,40,1,71,43,42.505154,16,3
16113,21,3,3,2,9,0,0,3,49.42857,16,3
17001,7,0,2,0,3,0,5,4,49.142857,17,1
17002,11,2,7,2,6,0,7,8,55.454544,17,3
17003,16,5,2,1,8,0,14,14,50.4375,17,3
17004,45,1,20,1,17,0,15,14,44.311111,17,3
17005,19,0,4,0,12,0,1,4,43.578949,17,1
17006,221,20,117,18,115,4,86,107,48.633484,17,3
17007,695,49,338,42,383,1,501,325,46.492085,17,3
17008,82,3,30,3,37,0,56,39,48.57317,17,3
17009,23,4,8,3,13,0,19,10,48.04348,17,3
17010,5,0,3,0,2,0,3,5,64.199997,17,1
17011,182,8,74,5,102,0,159,94,47.912086,17,3
17012,100,10,60,10,56,1,53,53,50.34,17,3
17013,4,0,2,0,2,0,2,2,36.75,17,1
17014,8,1,3,1,4,0,4,4,47.25,17,3
17015,21,1,12,1,18,1,4,15,50.285713,17,3
17016,15,1,11,1,10,0,2,12,51.333332,17,3
17017,95,7,48,7,51,7,63,64,52.63158,17,3
17018,100,15,49,15,55,5,61,45,44.279999,17,3
17019,29,3,21,3,22,0,19,24,53,17,3
17020,25,2,7,1,16,0,12,9,46.439999,17,3
17021,8,0,3,0,6,0,4,4,40.125,17,1
17022,9,2,8,2,8,0,4,5,50.666668,17,3
17023,4,0,1,0,1,0,2,1,26.75,17,1
17024,50,5,21,5,20,0,12,22,43,17,3
17025,35,4,15,3,16,0,11,19,47.42857,17,3
17026,11,0,7,0,7,0,5,6,46.18182,17,1
17027,5,0,3,0,3,0,2,3,45.400002,17,1
17028,80,8,39,7,43,0,65,61,51.137501,17,3
17029,51,1,23,1,26,1,29,26,43.392159,17,3
17030,35,3,18,3,19,0,8,15,52.799999,17,3
17031,56,6,20,5,32,0,25,26,40.535713,17,3
17032,2,0,0,0,2,0,0,1,50.5,17,1
17033,2,0,1,0,1,0,1,0,28,17,1
17056,1,0,1,0,0,0,1,1,34,17,1
17063,1,0,1,0,0,0,0,0,37,17,1
18001,15,2,3,2,6,0,8,8,61.333332,18,3
18002,4,0,0,0,3,0,4,2,60.75,18,1
18004,31,2,7,0,21,0,24,23,59.354839,18,2
18005,1,0,0,0,0,0,0,1,64,18,1
18006,12,1,2,0,9,0,10,7,48.583332,18,2
18007,11,3,9,3,8,0,11,11,67.727272,18,3
18008,50,1,13,1,23,0,42,13,48.740002,18,3
18009,1,0,0,0,0,0,1,1,42,18,1
18010,26,4,3,1,4,1,24,14,48.153847,18,3
18011,5,0,1,0,4,0,4,3,42.200001,18,1
18012,8,0,2,0,2,0,2,2,38.5,18,1
18013,4,0,0,0,3,0,4,4,64.75,18,1
18014,8,1,0,0,4,0,5,5,58.875,18,2
18015,73,7,22,3,38,2,70,22,42.876713,18,3
18016,20,1,3,1,9,1,11,14,53.950001,18,3
18017,625,9,174,7,280,2,495,98,40.7216,18,3
18018,19,3,10,3,9,0,16,8,50.578949,18,3
18019,4,1,1,0,1,1,3,1,57,18,2
18020,114,6,25,3,46,0,2,35,41.219299,18,3
19002,4,0,0,0,3,0,3,0,63,19,1
19003,2,0,0,0,1,0,1,0,25,19,1
19004,54,1,5,1,25,0,44,7,35.296295,19,3
19005,13,0,2,0,9,0,11,7,56.076923,19,1
19006,990,7,96,4,553,4,396,157,38.074749,19,3
19007,10,0,0,0,4,0,10,2,54.599998,19,1
19008,1,0,0,0,0,0,1,1,3,19,1
19009,68,4,6,2,35,1,35,24,43.10294,19,3
19010,67,0,7,0,39,1,24,8,34.731342,19,1
19011,14,0,0,0,9,0,9,6,38.785713,19,1
19012,40,1,3,0,21,0,24,9,37.950001,19,2
19013,10,0,2,0,6,0,8,2,50.299999,19,1
19014,8,0,0,0,2,0,8,4,49.375,19,1
19015,5,0,0,0,4,0,5,3,60,19,1
19016,1,0,0,0,1,0,0,1,46,19,1
19017,12,0,0,0,4,1,10,3,30.583334,19,1
19018,270,3,26,1,146,4,177,32,38.288887,19,3
19019,395,3,50,2,212,1,159,11,40.964558,19,3
19020,5,0,1,0,3,0,5,1,37.200001,19,1
19021,594,4,60,4,316,2,239,55,38.809765,19,3
19022,60,0,1,0,22,0,6,3,58.866665,19,1
19024,4,0,0,0,2,0,4,2,56.25,19,1
19025,38,0,2,0,15,0,14,10,34.973682,19,1
19026,1390,4,164,2,635,5,488,193,46.591366,19,3
19027,3,0,0,0,0,0,2,1,43.666668,19,1
19028,2,0,1,0,2,0,1,1,40,19,1
19029,2,0,0,0,2,0,1,1,55,19,1
19031,499,4,58,4,251,1,145,83,35.797596,19,3
19032,3,0,0,0,0,0,3,3,38,19,1
19033,98,0,6,0,42,0,88,10,37.877552,19,1
19034,3,0,0,0,0,0,2,1,55.333332,19,1
19035,6,0,0,0,1,0,5,1,39.166668,19,1
19036,14,0,0,0,4,0,14,0,40.92857,19,1
19037,6,0,0,0,4,0,3,2,51.166668,19,1
19038,111,0,5,0,46,0,49,13,39.531532,19,1
19039,2481,25,163,14,1272,5,1531,336,41.946796,19,3
19040,2,0,0,0,2,0,1,1,76,19,1
19041,107,4,15,3,55,0,39,40,32.532711,19,3
19042,2,1,0,0,2,0,2,1,51,19,2
19043,1,0,0,0,1,0,1,0,31,19,1
19044,44,0,1,0,20,0,41,7,35.363636,19,1
19045,44,0,5,0,20,0,29,11,32.25,19,1
19046,803,6,44,3,402,4,478,83,45.023663,19,3
19047,6,0,0,0,4,0,3,1,37,19,1
19048,463,7,29,0,263,2,375,55,39.565876,19,2
19049,69,1,3,1,41,0,18,6,38.826088,19,3
19050,1,0,0,0,1,0,1,0,30,19,1
19051,2,0,0,0,1,0,1,0,49,19,1
19066,1,0,0,0,0,0,1,0,21,19,1
20001,1,0,1,0,1,0,0,1,39,20,1
20002,4,0,0,0,3,0,1,3,41.75,20,1
20003,1,0,1,0,0,0,1,1,48,20,1
20005,2,0,1,0,1,0,1,2,30.5,20,1
20006,11,3,3,0,5,4,4,6,51.272728,20,2
20007,1,0,0,0,1,1,0,0,82,20,1
20009,1,0,0,0,0,0,1,1,58,20,1
20010,5,1,2,0,2,0,0,2,52,20,2
20011,1,0,0,0,1,0,0,1,91,20,1
20012,1,0,0,0,1,1,0,0,6,20,1
20013,1,0,1,0,1,0,0,0,62,20,1
20014,3,1,0,0,3,0,0,3,57.666668,20,2
20020,1,0,0,0,1,0,0,1,0,20,1
20021,4,0,0,0,1,0,1,3,41.75,20,1
20023,16,1,2,0,8,1,10,5,40.25,20,2
20024,1,0,0,0,1,0,1,0,19,20,1
20025,1,0,1,0,0,0,0,1,44,20,1
20026,8,0,3,0,4,2,0,5,35.75,20,1
20029,1,0,0,0,1,1,0,1,2,20,1
20031,5,0,3,0,1,4,4,1,52.400002,20,1
20033,3,0,1,0,1,0,1,0,33.666668,20,1
20037,2,0,1,0,2,1,0,2,53.5,20,1
20039,70,3,13,3,32,2,47,14,39.385715,20,3
20041,1,0,1,0,1,1,0,0,65,20,1
20042,1,0,0,0,1,0,1,1,60,20,1
20043,24,5,8,4,14,8,9,14,45.291668,20,3
20044,7,0,2,0,3,1,5,7,50,20,1
20045,16,0,6,0,9,0,9,5,41.75,20,1
20055,1,0,0,0,1,0,1,1,18,20,1
20057,9,0,2,0,6,0,1,5,46.777779,20,1
20059,1,0,0,0,0,0,0,0,38,20,1
20060,1,0,0,0,1,1,1,1,86,20,1
20063,2,0,1,0,1,1,1,1,49.5,20,1
20064,2,0,0,0,0,0,0,1,52.5,20,1
20067,263,19,49,10,127,11,153,69,42.224335,20,3
20068,5,1,1,1,4,1,0,3,43,20,3
20070,3,0,1,0,3,0,1,3,49,20,1
20073,4,0,0,0,1,1,0,0,41.5,20,1
20077,4,0,0,0,2,0,1,2,25.25,20,1
20078,2,0,0,0,0,0,0,0,54,20,1
20079,34,3,14,1,21,0,11,25,42.529411,20,3
20080,1,0,0,0,0,0,0,1,49,20,1
20083,6,0,0,0,1,0,2,1,26.166666,20,1
20084,2,0,1,0,1,0,1,0,38.5,20,1
20085,1,0,0,0,1,1,1,1,17,20,1
20087,5,1,1,0,2,0,3,2,46.599998,20,2
20091,4,1,1,1,2,1,1,3,62,20,3
20092,3,1,2,1,3,0,2,3,49,20,3
20102,1,1,0,0,0,0,1,1,0,20,2
20103,3,2,3,2,1,0,0,2,55.666668,20,3
20107,30,2,12,2,17,1,21,14,43.933334,20,3
20113,1,0,0,0,1,0,0,1,53,20,1
20115,11,1,3,0,5,0,5,5,40.545456,20,2
20117,1,0,0,0,1,1,0,1,67,20,1
20124,5,0,4,0,1,1,1,2,21.4,20,1
20134,1,0,0,0,0,0,1,1,26,20,1
20135,2,1,0,0,1,0,0,1,17,20,2
20143,1,0,1,0,1,0,1,1,51,20,1
20150,4,0,1,0,3,0,1,3,51,20,1
20153,1,1,1,1,0,0,0,1,18,20,3
20156,1,0,0,0,0,1,0,0,47,20,1
20157,15,1,1,1,10,0,4,3,44,20,3
20160,1,0,0,0,1,0,0,0,27,20,1
20164,1,0,0,0,1,0,1,1,39,20,1
20166,4,0,1,0,1,0,0,2,51.25,20,1
20171,3,1,2,1,2,3,0,2,61.666668,20,3
20174,6,0,1,0,4,0,1,1,45,20,1
20175,1,1,1,1,1,0,1,1,74,20,3
20177,4,2,1,1,1,0,0,2,48.75,20,3
20178,4,0,1,0,1,0,4,0,31.25,20,1
20184,100,14,39,11,50,5,48,34,45.169998,20,3
20188,3,0,2,0,1,2,0,3,14.666667,20,1
20190,4,0,2,0,2,1,0,4,27,20,1
20192,1,0,0,0,1,0,0,1,36,20,1
20193,1,0,0,0,1,0,0,1,66,20,1
20198,1,0,0,0,0,0,0,0,29,20,1
20211,1,0,0,0,1,0,1,1,57,20,1
20215,1,0,0,0,1,0,1,0,32,20,1
20217,1,0,0,0,0,1,0,1,90,20,1
20227,8,0,1,0,4,1,3,0,28.25,20,1
20230,5,0,0,0,5,0,5,0,29.200001,20,1
20232,4,1,1,0,2,1,3,4,29,20,2
20234,1,0,0,0,1,1,0,1,46,20,1
20237,2,0,0,0,0,0,1,0,25.5,20,1
20244,1,0,1,0,1,0,0,0,21,20,1
20254,1,0,1,0,0,0,0,0,20,20,1
20265,1,0,0,0,0,0,0,1,0,20,1
20266,1,0,0,0,0,0,1,0,39,20,1
20268,2,0,0,0,2,0,1,0,29,20,1
20269,2,0,1,0,2,1,0,1,51,20,1
20277,6,1,0,0,3,1,1,3,37.166668,20,2
20278,3,2,2,1,2,1,2,2,46,20,3
20283,1,1,1,1,1,0,0,1,92,20,3
20289,3,0,3,0,2,0,1,2,62.333332,20,1
20290,1,0,0,0,0,0,1,0,24,20,1
20292,2,0,0,0,1,0,2,1,68,20,1
20293,11,0,2,0,2,0,6,0,36.636364,20,1
20294,4,1,2,0,4,0,2,2,45.75,20,2
20295,1,0,0,0,1,0,0,1,100,20,1
20298,2,1,0,0,1,1,1,2,46.5,20,2
20302,1,0,1,0,1,1,0,1,47,20,1
20304,1,0,0,0,0,0,0,1,0,20,1
20305,1,0,1,0,0,0,0,1,27,20,1
20307,2,1,0,0,1,0,1,2,37,20,2
20308,1,0,0,0,0,0,0,1,31,20,1
20309,1,0,0,0,1,0,0,1,34,20,1
20310,9,0,2,0,3,1,6,3,32,20,1
20318,17,1,7,0,11,1,0,2,35.588234,20,2
20320,1,1,1,1,1,1,0,1,54,20,3
20324,14,1,2,1,5,0,10,2,33.642857,20,3
20325,2,0,0,0,1,2,0,0,60.5,20,1
20333,2,0,0,0,1,1,1,1,17,20,1
20334,3,0,0,0,2,0,0,3,40.333332,20,1
20337,2,0,1,0,2,0,1,1,35,20,1
20338,9,0,1,0,6,1,6,2,41.888889,20,1
20339,2,0,1,0,0,0,2,0,27,20,1
20340,3,0,1,0,1,1,0,1,69,20,1
20342,2,1,0,0,2,0,2,1,48,20,2
20349,1,0,1,0,0,0,0,0,22,20,1
20350,13,0,2,0,8,0,7,3,42.76923,20,1
20359,1,0,0,0,0,1,0,0,63,20,1
20363,1,0,1,0,0,0,0,0,42,20,1
20364,1,0,0,0,1,0,1,1,80,20,1
20369,1,0,0,0,1,0,0,0,31,20,1
20375,4,0,2,0,2,0,4,2,47,20,1
20378,1,0,0,0,0,0,0,1,0,20,1
20385,56,1,16,1,22,0,31,10,40.5,20,3
20389,1,1,0,0,0,1,0,1,61,20,2
20390,36,0,6,0,18,6,18,14,35.555557,20,1
20392,1,0,0,0,1,1,0,1,79,20,1
20393,1,0,0,0,1,1,0,1,46,20,1
20397,20,1,6,0,11,1,19,6,36.099998,20,2
20399,38,4,14,3,18,1,22,14,41.947369,20,3
20401,1,0,0,0,0,0,0,1,34,20,1
20403,3,0,1,0,1,0,3,1,35.666668,20,1
20409,11,1,1,0,6,0,6,2,44.545456,20,2
20410,1,0,0,0,1,1,0,1,59,20,1
20413,42,3,10,2,15,0,22,10,40.261906,20,3
20414,1,0,0,0,1,0,0,1,51,20,1
20415,1,0,0,0,1,0,0,1,27,20,1
20418,2,0,0,0,1,0,0,1,36,20,1
20425,1,0,1,0,0,1,0,0,45,20,1
20426,1,1,0,0,0,1,1,1,80,20,2
20431,1,0,0,0,0,0,0,1,25,20,1
20434,2,0,1,0,2,0,0,1,39.5,20,1
20437,2,0,0,0,1,0,2,1,32,20,1
20439,1,0,0,0,0,0,1,0,29,20,1
20445,1,0,1,0,0,0,1,1,29,20,1
20447,2,0,0,0,0,1,0,2,18.5,20,1
20450,2,0,2,0,2,2,1,1,52,20,1
20458,1,0,0,0,1,0,1,1,74,20,1
20462,4,0,0,0,1,0,3,1,44,20,1
20467,4,0,0,0,3,0,2,4,61.75,20,1
20469,15,2,3,2,9,6,2,7,45.066666,20,3
20470,1,0,0,0,0,0,0,1,60,20,1
20474,1,0,0,0,0,0,0,0,33,20,1
20475,1,0,0,0,0,1,1,0,33,20,1
20476,1,0,0,0,1,0,0,0,20,20,1
20482,7,0,3,0,4,1,1,4,43.285713,20,1
20483,4,1,1,1,1,0,3,2,44.75,20,3
20484,1,0,0,0,1,0,0,1,87,20,1
20492,1,0,1,0,1,0,0,1,65,20,1
20497,1,0,0,0,1,1,1,1,41,20,1
20500,3,0,0,0,2,1,1,3,44,20,1
20508,1,0,0,0,1,0,0,1,33,20,1
20515,16,3,2,1,10,2,4,7,40.5,20,3
20520,1,0,0,0,0,0,0,1,57,20,1
20525,1,0,0,0,0,0,0,0,59,20,1
20526,1,0,0,0,1,0,0,1,15,20,1
20530,1,0,0,0,1,1,0,1,48,20,1
20531,2,1,0,0,0,0,1,2,17.5,20,2
20537,2,0,0,0,1,0,1,1,51,20,1
20539,2,0,1,0,2,0,2,2,55.5,20,1
20540,5,1,2,1,3,0,2,2,42.799999,20,3
20545,4,1,1,0,3,2,1,4,46.25,20,2
20546,2,0,0,0,2,2,1,0,64.5,20,1
20547,1,0,0,0,0,0,0,1,76,20,1
20549,3,0,1,0,2,1,2,1,65.333336,20,1
20550,1,0,0,0,0,0,1,0,29,20,1
20551,5,0,2,0,3,1,1,2,35,20,1
20553,6,0,1,0,2,0,4,0,39.833332,20,1
20557,9,1,3,1,5,2,3,7,56.111111,20,3
20559,2,0,0,0,2,0,0,2,80.5,20,1
20560,1,0,0,0,0,0,0,0,38,20,1
20565,25,4,6,1,9,3,12,11,46.68,20,3
20566,1,1,0,0,1,0,1,1,79,20,2
20570,4,1,2,1,2,1,1,2,59.5,20,3
21001,11,2,7,2,5,0,10,9,49.18182,21,3
21002,1,0,0,0,0,0,1,1,36,21,1
21003,16,0,3,0,10,0,14,7,51,21,1
21004,15,1,8,1,10,0,9,11,46.599998,21,3
21005,2,2,1,1,2,0,2,1,66,21,3
21006,2,0,0,0,2,1,1,1,36,21,1
21007,1,0,0,0,1,0,1,0,67,21,1
21008,3,1,1,1,1,0,3,2,58,21,3
21009,1,0,1,0,1,0,0,1,71,21,1
21010,14,2,5,2,8,5,13,10,47.42857,21,3
21013,6,1,1,1,1,3,6,4,44.833332,21,3
21014,1,0,0,0,0,0,0,0,29,21,1
21015,28,1,10,1,14,0,10,10,48.67857,21,3
21017,3,1,3,1,2,2,3,0,56.333332,21,3
21019,62,7,19,7,31,0,30,36,47.209679,21,3
21021,1,0,0,0,0,0,0,1,53,21,1
21022,2,1,1,1,1,0,2,2,71,21,3
21025,2,0,0,0,1,1,2,2,52,21,1
21026,3,0,2,0,0,0,1,3,49.333332,21,1
21029,1,0,0,0,0,1,0,0,23,21,1
21030,1,0,0,0,1,0,1,1,47,21,1
21032,1,0,0,0,0,0,0,1,78,21,1
21034,12,2,7,2,6,0,5,4,43.583332,21,3
21035,12,0,0,0,5,1,9,2,39.666668,21,1
21037,1,1,1,1,1,0,1,1,78,21,3
21038,1,0,1,0,1,0,0,1,58,21,1
21040,1,0,0,0,1,0,1,1,59,21,1
21041,46,2,14,2,20,0,15,10,44.108696,21,3
21043,10,0,2,0,2,2,9,7,32.5,21,1
21044,6,1,3,1,3,0,5,4,48.166668,21,3
21045,12,0,3,0,5,0,8,4,46.166668,21,1
21046,2,0,1,0,1,0,2,2,35.5,21,1
21047,28,2,12,2,13,1,6,4,37.464287,21,3
21048,11,0,5,0,8,0,4,9,47.090908,21,1
21049,1,0,0,0,0,0,1,1,1,21,1
21050,2,1,0,0,1,0,1,2,32,21,2
21051,20,1,5,0,10,0,7,10,41.700001,21,2
21052,1,0,0,0,1,0,0,0,23,21,1
21053,21,3,7,0,13,0,14,10,38.857143,21,2
21054,4,0,2,0,3,0,4,4,38.75,21,1
21056,1,1,1,1,1,0,0,0,64,21,3
21057,1,0,0,0,0,0,0,0,26,21,1
21058,9,2,5,2,6,2,3,7,46.555557,21,3
21059,2,0,1,0,1,0,1,0,68.5,21,1
21060,3,2,2,1,3,0,1,2,68.666664,21,3
21062,2,0,0,0,0,0,2,1,65.5,21,1
21063,2,1,2,1,2,0,1,2,63.5,21,3
21064,1,0,1,0,1,0,0,0,59,21,1
21067,7,3,4,2,6,0,3,4,61.57143,21,3
21069,8,2,4,1,2,0,7,4,49.625,21,3
21070,1,0,0,0,0,1,0,0,56,21,1
21071,54,6,25,5,39,1,38,37,47.314816,21,3
21072,4,1,1,0,3,2,1,2,62,21,2
21073,7,2,4,1,3,0,2,4,45.857143,21,3
21074,47,3,22,2,27,0,9,14,42.340427,21,3
21076,1,0,0,0,1,0,1,0,35,21,1
21079,1,0,1,0,1,0,0,1,59,21,1
21082,9,0,3,0,3,0,8,1,27.666666,21,1
21083,4,0,1,0,1,0,2,1,46.75,21,1
21084,2,0,0,0,1,1,0,0,45,21,1
21085,93,5,37,4,44,3,56,24,41.494625,21,3
21086,1,0,1,0,0,0,0,1,58,21,1
21087,2,0,1,0,2,0,2,0,45.5,21,1
21088,1,0,1,0,1,0,0,0,25,21,1
21090,6,0,2,0,3,0,2,3,31,21,1
21091,1,0,0,0,1,0,1,1,42,21,1
21092,1,0,0,0,0,0,1,1,56,21,1
21094,20,1,3,1,10,1,15,6,37.349998,21,3
21095,1,0,0,0,0,0,0,0,34,21,1
21096,3,0,0,0,3,0,0,3,34.333332,21,1
21097,1,0,1,0,1,0,0,1,60,21,1
21099,1,0,0,0,0,0,1,1,71,21,1
21100,5,2,3,2,2,5,3,3,58.200001,21,3
21104,2,0,0,0,1,0,0,0,25,21,1
21105,1,0,0,0,0,0,1,1,5,21,1
21106,21,2,13,2,9,0,10,13,48.809525,21,3
21107,1,0,1,0,0,0,0,0,52,21,1
21108,3,1,1,1,2,0,2,2,54,21,3
21110,6,0,1,0,3,0,3,5,26.166666,21,1
21112,1,0,0,0,0,0,1,0,51,21,1
21113,2,1,1,1,1,0,0,1,78.5,21,3
21114,2176,92,676,74,1114,11,818,724,43.26149,21,3
21115,5,3,2,2,5,0,4,4,37.599998,21,3
21116,3,0,2,0,1,0,2,2,37.333332,21,1
21117,4,0,2,0,3,0,2,3,41.25,21,1
21118,6,1,5,1,2,0,3,3,59.833332,21,3
21119,199,11,61,8,114,2,65,59,43.361809,21,3
21122,6,0,4,0,4,0,4,5,57,21,1
21123,1,0,1,0,0,1,1,1,60,21,1
21124,6,0,0,0,1,1,4,3,35.333332,21,1
21125,4,0,2,0,3,0,2,2,56,21,1
21127,1,0,1,0,1,0,1,1,64,21,1
21128,3,0,2,0,3,0,1,2,34,21,1
21129,1,1,1,1,1,1,1,1,42,21,3
21132,88,2,35,2,61,0,43,46,50.079544,21,3
21134,10,0,4,0,6,0,3,2,44,21,1
21135,2,0,1,0,2,0,0,1,67.5,21,1
21136,10,0,2,0,5,0,1,5,44.900002,21,1
21137,1,0,0,0,1,0,1,0,24,21,1
21138,6,1,4,1,4,0,1,5,43,21,3
21139,2,0,1,0,1,0,2,0,45.5,21,1
21140,166,6,45,5,73,2,111,30,43.23494,21,3
21141,2,1,1,1,1,0,1,2,60.5,21,3
21142,17,1,7,1,4,0,1,6,54.529411,21,3
21143,17,1,8,1,7,1,10,8,47.235294,21,3
21144,9,0,1,0,6,0,3,3,47.111111,21,1
21148,3,2,2,1,2,0,3,2,59,21,3
21149,2,0,0,0,0,0,1,1,44,21,1
21150,1,0,0,0,1,0,1,0,94,21,1
21151,1,0,1,0,1,0,0,1,24,21,1
21152,1,0,0,0,0,0,0,0,65,21,1
21153,10,2,5,2,4,0,8,8,56.799999,21,3
21154,26,4,10,2,14,0,14,13,46.807693,21,3
21155,4,0,2,0,1,0,2,3,50.5,21,1
21156,211,13,35,6,94,9,179,46,41.066349,21,3
21157,4,1,0,0,2,0,2,3,53.75,21,2
21158,1,0,0,0,0,0,1,1,32,21,1
21161,5,1,0,0,1,1,3,3,59.200001,21,2
21163,5,0,2,0,2,0,4,2,45.599998,21,1
21164,19,0,8,0,11,0,12,10,44.210526,21,1
21166,2,0,2,0,1,0,1,2,71.5,21,1
21167,1,0,0,0,1,0,1,1,56,21,1
21169,9,1,4,1,4,0,4,2,44.888889,21,3
21170,3,0,1,0,0,0,2,1,47.666668,21,1
21172,3,0,1,0,2,0,2,0,44.666668,21,1
21174,36,4,7,1,15,1,30,17,46.083332,21,3
21175,1,1,0,0,1,0,1,1,73,21,2
21176,4,0,0,0,2,0,3,1,48.75,21,1
21177,7,1,3,0,5,0,5,3,44.142857,21,2
21179,4,0,1,0,4,0,0,1,37.75,21,1
21180,5,0,2,0,1,0,4,3,54.599998,21,1
21181,1,1,0,0,1,0,0,0,41,21,2
21182,2,0,0,0,1,0,2,2,73,21,1
21183,1,1,0,0,1,0,1,1,24,21,2
21185,4,1,3,0,1,0,1,2,43.5,21,2
21186,10,0,0,0,2,0,5,6,55.5,21,1
21188,2,0,0,0,1,1,1,1,60,21,1
21189,2,0,1,0,1,0,0,1,67,21,1
21191,16,1,10,1,9,0,4,2,50.625,21,3
21194,5,0,3,0,2,0,4,5,48.799999,21,1
21196,1,0,0,0,1,0,1,1,66,21,1
21197,11,0,6,0,7,0,5,8,47.81818,21,1
21199,3,1,2,1,3,0,3,3,53,21,3
21201,1,0,0,0,0,0,0,0,32,21,1
21202,3,0,1,0,1,0,0,0,29.666666,21,1
21205,3,2,3,2,1,0,2,3,56.666668,21,3
21207,11,2,6,1,4,1,7,9,44,21,3
21208,20,1,5,0,14,1,16,8,46.549999,21,2
21211,4,1,2,1,2,0,2,1,52,21,3
21212,7,1,2,1,5,0,2,4,47.57143,21,3
21213,1,0,0,0,0,0,0,0,1,21,1
21214,10,2,5,2,7,7,8,6,48.099998,21,3
21217,1,0,1,0,1,1,1,1,41,21,1
22001,7,3,3,2,5,0,7,5,44.714287,22,3
22002,9,1,0,0,3,0,8,5,33,22,2
22003,7,0,0,0,4,0,2,1,34.857143,22,1
22004,23,3,4,2,11,0,21,14,42.652172,22,3
22005,12,1,2,0,8,0,10,7,50,22,2
22006,94,1,26,1,50,0,60,18,39.404255,22,3
22007,7,1,2,1,2,0,6,5,39.714287,22,3
22008,3,0,0,0,1,0,2,0,36,22,1
22009,22,2,3,0,15,0,20,6,41.227272,22,2
22011,85,2,18,1,39,0,52,23,35.929413,22,3
22012,16,2,5,0,8,0,13,9,38.375,22,2
22013,4,1,0,0,2,0,4,2,67,22,2
22014,920,37,238,19,455,3,665,256,41.78587,22,3
22015,1,0,0,0,1,0,0,0,63,22,1
22016,129,4,35,1,59,1,91,36,41.007751,22,3
22017,19,0,4,0,9,0,16,7,40.578949,22,1
22018,3,0,1,0,2,0,3,2,43.666668,22,1
23001,69,12,23,7,37,7,19,45,47.927536,23,3
23002,16,1,4,1,9,4,16,10,40.0625,23,3
23003,18,1,13,1,10,0,13,6,41.666668,23,3
23004,133,12,36,6,79,2,45,70,44.007519,23,3
23005,1616,223,909,176,899,52,1002,691,43.240719,23,3
23006,12,3,3,2,2,5,11,9,43.25,23,3
23007,15,1,5,1,8,4,11,7,43.599998,23,3
23008,433,44,219,32,249,5,273,201,41.780602,23,3
23009,22,4,12,3,15,1,14,9,46.31818,23,3
23010,10,0,1,0,3,0,4,9,44.599998,23,1
23011,4,0,2,0,3,0,3,1,45.5,23,1
24001,5,1,1,0,4,0,0,1,33.799999,24,2
24002,2,0,0,0,2,0,0,2,68.5,24,1
24003,56,1,11,1,22,31,8,9,34.44643,24,3
24005,6,0,0,0,4,0,2,1,33.666668,24,1
24006,2,0,0,0,2,0,0,0,43.5,24,1
24007,12,0,0,0,2,0,1,1,43.083332,24,1
24008,8,0,0,0,1,0,2,3,45.5,24,1
24009,15,1,7,1,9,0,0,2,41.933334,24,3
24010,3,0,1,0,1,0,2,2,39,24,1
24011,52,1,7,1,23,0,23,6,38.634617,24,3
24012,6,1,2,1,2,2,1,1,39.833332,24,3
24013,319,3,49,0,133,3,157,40,37.974922,24,2
24014,4,2,1,1,0,3,0,3,67,24,3
24015,14,0,0,0,5,0,1,5,33.357143,24,1
24016,14,1,0,0,4,0,5,4,33.92857,24,2
24017,17,0,0,0,10,1,4,3,28.647058,24,1
24018,12,0,2,0,7,6,0,1,48.25,24,1
24019,1,0,0,0,1,0,1,0,61,24,1
24020,89,6,4,0,44,0,13,17,38.876404,24,2
24021,48,1,7,1,22,0,10,8,37.875,24,3
24022,7,0,0,0,5,0,0,4,53.857143,24,1
24023,4,0,0,0,2,0,4,3,55,24,1
24024,76,5,3,0,37,0,40,21,43.710526,24,2
24025,7,0,0,0,3,0,1,5,28.714285,24,1
24026,4,0,0,0,2,0,1,2,33,24,1
24027,6,0,0,0,3,0,5,3,33.833332,24,1
24028,1341,20,163,8,643,2,331,237,38.651752,24,3
24029,10,1,1,0,6,2,3,1,42.200001,24,2
24030,4,0,0,0,0,0,0,0,18,24,1
24031,6,0,0,0,5,3,5,3,46,24,1
24032,48,1,6,1,20,0,5,4,39.9375,24,3
24033,5,0,0,0,3,0,0,0,38.200001,24,1
24034,1,0,0,0,0,0,0,0,27,24,1
24035,202,7,39,2,97,1,60,54,40.103962,24,3
24036,21,2,4,0,10,1,9,11,46.904762,24,2
24037,117,3,29,0,61,18,18,18,42.589745,24,2
24038,6,0,0,0,3,1,2,0,34,24,1
24039,6,1,1,0,4,1,0,1,53.333332,24,2
24040,21,2,1,0,10,0,9,5,48.619049,24,2
24041,11,0,0,0,3,4,2,1,38.727272,24,1
24042,16,0,0,0,5,2,0,0,27.5625,24,1
24043,11,0,5,0,5,0,2,2,38.909092,24,1
24044,4,0,0,0,1,1,0,2,30,24,1
24045,3,0,0,0,2,0,1,2,32.666668,24,1
24046,10,1,3,1,5,0,1,1,22.9,24,3
24047,5,1,0,0,3,0,2,4,31.4,24,2
24048,3,0,0,0,2,0,0,1,58,24,1
24049,10,1,1,1,5,0,6,5,53.700001,24,3
24050,20,2,1,0,12,0,5,5,33.950001,24,2
24051,17,1,1,0,8,0,6,9,57.529411,24,2
24052,4,1,0,0,3,0,0,1,34.25,24,2
24053,35,0,2,0,16,9,1,10,39,24,1
24054,27,0,4,0,16,8,1,9,45,24,1
24055,4,0,0,0,4,0,0,1,36,24,1
24056,15,0,4,0,8,0,0,1,31.266666,24,1
24057,14,1,2,1,9,5,3,4,38.214287,24,3
24058,22,0,1,0,5,0,2,3,31.40909,24,1
25001,574,36,224,28,296,4,93,205,44.728222,25,3
25002,34,2,10,2,15,0,1,11,43.735294,25,3
25003,21,1,12,1,10,0,3,12,57.333332,25,3
25004,2,0,0,0,2,0,0,1,39,25,1
25005,13,1,5,0,4,0,2,4,46.46154,25,2
25006,2380,222,1024,162,1197,4,897,733,44.782352,25,3
25007,8,0,2,0,2,0,0,3,49,25,1
25008,14,2,4,1,7,0,7,10,44.142857,25,3
25009,31,4,10,4,15,0,18,16,47.129032,25,3
25010,58,7,13,3,32,4,14,30,48.844826,25,3
25011,229,14,65,5,113,1,144,76,44.703056,25,3
25012,584,32,224,18,290,5,151,177,44.72089,25,3
25013,26,1,13,1,19,0,6,12,55.846153,25,3
25014,14,1,6,1,10,0,3,7,49.785713,25,3
25015,132,3,30,3,64,0,4,33,48.409092,25,3
25016,8,0,3,0,5,0,2,4,60,25,1
25017,25,1,14,1,13,1,9,9,51.279999,25,3
25018,153,27,57,21,76,3,45,77,46.490196,25,3
26001,1,0,0,0,0,0,1,1,65,26,1
26002,50,3,14,0,21,0,24,14,42.82,26,2
26003,3,0,0,0,1,0,3,3,62.666668,26,1
26004,15,0,1,0,9,0,14,2,43.333332,26,1
26005,1,0,0,0,0,0,0,0,36,26,1
26008,1,0,0,0,0,0,1,1,71,26,1
26012,6,1,0,0,2,0,5,2,51.333332,26,2
26013,1,1,0,0,1,0,1,1,73,26,2
26014,1,0,0,0,1,0,0,0,32,26,1
26015,1,0,1,0,1,0,1,0,30,26,1
26016,1,0,0,0,1,0,1,1,55,26,1
26017,164,6,28,3,74,2,144,36,42.17683,26,3
26018,322,10,87,4,156,2,237,68,41.127331,26,3
26019,33,0,12,0,14,0,30,14,40.78788,26,1
26020,1,0,1,0,1,0,1,1,41,26,1
26023,1,0,0,0,1,0,1,0,64,26,1
26025,14,2,0,0,6,0,7,7,40.714287,26,2
26026,19,0,5,0,9,1,13,7,46.36842,26,1
26027,1,0,0,0,0,0,0,1,61,26,1
26029,71,2,25,2,36,2,49,24,39.478874,26,3
26030,1167,25,232,7,589,11,946,222,38.256214,26,3
26032,1,0,0,0,1,0,1,0,53,26,1
26033,66,4,16,3,30,6,45,21,44.424244,26,3
26034,1,0,0,0,0,0,0,0,42,26,1
26035,1,0,0,0,1,0,1,1,65,26,1
26036,18,3,2,2,8,0,16,10,51.777779,26,3
26038,3,0,0,0,1,0,3,0,44.333332,26,1
26039,1,0,0,0,0,0,1,1,56,26,1
26041,15,0,2,0,7,0,4,2,37.933334,26,1
26042,115,6,31,0,61,2,93,40,45.313042,26,2
26043,279,11,70,6,144,4,241,76,41.817204,26,3
26044,1,0,0,0,1,0,1,1,53,26,1
26045,3,1,1,1,1,0,3,1,49.333332,26,3
26047,9,0,0,0,6,0,9,2,35.555557,26,1
26048,26,4,4,0,17,0,16,14,46.346153,26,2
26052,3,0,0,0,1,0,2,0,59.333332,26,1
26055,359,12,150,10,186,1,201,112,43.718662,26,3
26058,5,0,0,0,2,0,4,1,50.599998,26,1
26060,5,1,3,1,1,0,5,1,46.599998,26,3
26064,1,0,0,0,0,0,1,0,31,26,1
26065,1,0,0,0,0,0,0,0,76,26,1
26066,2,0,0,0,1,0,2,1,52,26,1
26067,1,0,0,0,1,0,0,0,35,26,1
26068,3,0,1,0,3,0,3,1,39.333332,26,1
26070,4,0,1,0,1,0,4,1,44,26,1
26071,1,0,0,0,1,0,1,1,46,26,1
26072,1,0,0,0,1,0,1,0,9,26,1
27001,34,1,7,1,16,0,15,3,42.764706,27,3
27002,209,22,117,19,122,1,149,90,45.081341,27,3
27003,71,2,37,2,44,1,12,27,41.619717,27,3
27004,2860,174,1241,148,1538,35,855,580,45.344406,27,3
27005,206,20,97,19,111,4,107,63,46.635921,27,3
27006,129,5,65,5,89,4,25,23,44.829456,27,3
27007,29,0,8,0,19,0,1,2,41.931034,27,1
27008,85,14,54,14,47,0,54,46,49.35294,27,3
27009,84,7,42,5,47,0,15,12,45.095238,27,3
27010,131,6,63,6,68,1,14,11,42.335876,27,3
27011,11,0,2,0,5,0,1,3,44.090908,27,1
27012,129,21,79,20,70,2,44,46,44.868217,27,3
27013,317,19,128,11,160,22,96,70,43.287067,27,3
27014,142,8,71,8,90,1,29,35,44.612675,27,3
27015,37,2,16,2,21,0,3,10,45.756756,27,3
27016,58,5,28,4,35,1,51,11,45.810345,27,3
27017,49,2,11,2,22,0,2,3,41.32653,27,3
28001,2,0,0,0,1,0,0,0,74.5,28,1
28002,46,1,5,1,24,0,0,2,33.434784,28,3
28003,120,2,42,0,74,0,15,14,38.433334,28,2
28004,2,0,0,0,0,0,0,2,80,28,1
28006,3,0,0,0,0,0,0,1,33,28,1
28007,12,0,1,0,3,0,0,0,48.333332,28,1
28008,1,0,0,0,1,0,0,1,0,28,1
28009,308,3,133,1,181,1,136,26,42.863636,28,3
28010,1,0,0,0,1,0,0,1,86,28,1
28011,6,0,1,0,1,0,0,1,33.833332,28,1
28012,15,0,1,0,6,0,0,3,35.533333,28,1
28013,15,1,4,1,11,0,0,2,35.799999,28,3
28015,2,0,0,0,1,0,1,1,63.5,28,1
28016,5,0,0,0,3,0,0,2,20.200001,28,1
28017,11,0,0,0,5,0,0,0,30.272728,28,1
28018,1,0,0,0,1,0,0,1,87,28,1
28019,1,0,0,0,0,0,0,1,51,28,1
28020,1,0,0,0,1,0,1,1,54,28,1
28021,153,3,13,2,70,0,0,33,42.601307,28,3
28022,823,25,177,13,395,6,0,150,39.481167,28,3
28024,1,0,0,0,1,0,1,1,76,28,1
28025,9,0,0,0,2,0,0,0,40.444443,28,1
28026,1,0,0,0,0,0,0,0,59,28,1
28027,427,15,75,10,239,1,2,61,38.833725,28,3
28028,5,0,0,0,4,0,0,0,39.799999,28,1
28029,4,0,0,0,3,0,0,3,36.25,28,1
28030,10,0,1,0,2,0,0,0,32.599998,28,1
28032,441,21,67,7,197,4,151,123,40.564625,28,3
28033,95,4,21,1,37,1,7,26,41.915791,28,3
28034,3,1,0,0,1,0,0,2,57.333332,28,2
28035,33,1,0,0,20,0,0,10,48.18182,28,2
28037,23,1,1,0,8,0,0,1,32.95652,28,2
28038,397,9,162,7,237,1,137,51,43.314861,28,3
28039,40,1,4,1,24,1,2,6,29.6,28,3
28040,42,1,3,0,17,0,0,8,45.761906,28,2
28041,1187,5,145,5,578,2,79,41,40.682392,28,3
28043,77,1,7,1,39,0,0,9,42.20779,28,3
29001,12,0,2,0,5,0,3,1,44,29,1
29002,24,0,5,0,12,0,15,8,39,29,1
29003,7,0,3,0,4,0,6,0,42,29,1
29004,6,0,1,0,1,0,2,2,58.666668,29,1
29005,151,8,36,6,73,1,111,35,44.364239,29,3
29006,47,4,20,4,26,0,28,26,42.61702,29,3
29007,12,0,1,0,5,0,0,3,37.166668,29,1
29008,6,1,4,1,2,0,2,3,43.5,29,3
29009,6,0,1,0,3,0,3,0,39.333332,29,1
29010,115,6,25,5,55,0,63,20,42.286957,29,3
29012,3,0,0,0,3,0,3,1,31.333334,29,1
29013,90,7,25,5,46,1,28,23,42.322224,29,3
29014,38,5,21,4,16,0,15,16,46.815788,29,3
29015,41,1,15,1,19,0,24,11,43.024391,29,3
29016,7,0,2,0,3,0,3,0,38.857143,29,1
29017,4,1,3,1,2,0,3,2,53.25,29,3
29018,46,3,10,2,21,0,29,8,40.95652,29,3
29019,13,2,6,2,7,0,10,8,41.923077,29,3
29021,11,2,6,2,6,0,8,5,48.454544,29,3
29022,1,0,0,0,1,0,1,1,50,29,1
29023,20,5,7,3,13,0,15,9,46.549999,29,3
29024,45,0,12,0,15,0,21,5,38.377777,29,1
29025,69,6,19,4,33,3,18,25,44.579712,29,3
29026,21,1,6,1,9,0,13,5,43.190475,29,3
29027,16,1,4,1,11,0,2,7,46.0625,29,3
29028,27,3,9,3,12,1,14,8,44.666668,29,3
29029,19,1,8,1,8,0,8,2,46.157894,29,3
29030,2,1,1,1,1,0,1,1,45.5,29,3
29031,37,2,10,2,22,0,23,8,38.756756,29,3
29032,13,0,4,0,5,0,10,3,43.46154,29,1
29033,325,6,70,3,151,0,178,50,42.501537,29,3
29034,32,6,10,6,13,1,25,14,44.875,29,3
29035,7,0,3,0,3,0,7,3,46.857143,29,1
29036,42,0,8,0,13,0,20,7,43.023811,29,1
29037,9,1,7,1,3,0,2,2,33.777779,29,3
29038,14,0,2,0,5,0,9,3,52.857143,29,1
29039,19,1,3,1,9,0,18,5,38.052631,29,3
29040,15,0,3,0,8,0,12,5,45.599998,29,1
29041,29,3,11,3,19,0,15,10,40.793102,29,3
29042,19,0,8,0,7,0,13,4,43.789474,29,1
29043,64,2,14,1,34,1,41,12,38.46875,29,3
29044,83,3,26,2,38,0,56,25,45.240963,29,3
29045,3,0,0,0,1,0,2,2,31,29,1
29046,1,1,1,1,1,0,1,1,46,29,3
29048,18,1,3,1,10,0,9,1,39.777779,29,3
29049,3,0,1,0,2,0,2,0,34.333332,29,1
29050,11,2,3,1,7,0,9,6,61.636364,29,3
29051,5,2,2,2,2,0,4,1,46.799999,29,3
29052,6,1,2,0,0,0,4,1,33.833332,29,2
29053,7,0,2,0,2,0,5,2,43.857143,29,1
29054,8,1,5,1,4,0,5,4,50,29,3
29055,4,0,1,0,0,0,3,3,43.25,29,1
29056,23,4,10,3,13,0,15,9,44.52174,29,3
29057,2,0,0,0,1,0,2,1,24,29,1
29058,17,0,5,0,8,0,4,0,39.588234,29,1
29059,5,1,1,1,4,0,2,1,36.200001,29,3
29060,12,3,8,3,8,0,7,7,47.75,29,3
30001,2,0,0,0,1,0,2,1,54,30,1
30003,15,3,8,3,9,0,2,9,45.599998,30,3
30004,13,0,1,0,9,1,3,4,49.23077,30,1
30005,3,1,0,0,2,0,0,1,58.666668,30,2
30006,3,1,0,0,2,0,1,1,45.666668,30,2
30007,3,1,0,0,3,0,2,2,38.666668,30,2
30009,1,0,0,0,1,0,0,1,2,30,1
30010,2,0,0,0,0,0,1,2,82,30,1
30011,52,1,19,1,34,0,7,16,42.365383,30,3
30012,5,1,1,1,1,0,1,2,46.599998,30,3
30013,4,1,1,0,4,0,2,3,57.5,30,2
30014,25,1,4,0,11,0,1,14,47.959999,30,2
30015,7,3,4,2,5,0,3,5,50.57143,30,3
30016,40,0,9,0,14,1,1,2,36.549999,30,1
30021,11,1,0,0,4,0,3,7,47.272728,30,2
30022,3,1,1,1,2,0,3,2,49.666668,30,3
30023,3,0,1,0,2,0,0,3,31.666666,30,1
30025,9,2,4,2,6,0,2,8,51,30,3
30026,8,0,0,0,4,0,4,3,41,30,1
30028,268,12,95,6,142,0,53,73,45.757462,30,3
30030,10,0,0,0,3,0,9,4,37.299999,30,1
30031,4,0,1,0,4,0,1,3,39.5,30,1
30032,6,1,1,1,4,0,1,4,61,30,3
30033,5,2,4,2,4,0,4,5,47.400002,30,3
30034,8,1,5,0,6,0,2,6,44.875,30,2
30036,2,0,1,0,2,0,0,2,44.5,30,1
30038,15,2,3,1,5,0,8,9,50,30,3
30039,488,55,259,38,289,3,413,245,48.122952,30,3
30040,38,5,14,1,20,0,25,22,46.63158,30,3
30042,1,0,0,0,1,0,0,1,2,30,1
30043,1,0,0,0,1,0,0,1,54,30,1
30044,171,6,20,0,83,0,38,79,43.450291,30,2
30045,74,1,16,0,33,0,8,4,40.959461,30,2
30047,3,0,1,0,1,0,1,1,55,30,1
30048,56,6,29,5,32,0,32,30,46.267857,30,3
30049,6,0,0,0,3,0,2,2,32.833332,30,1
30051,3,0,2,0,3,1,2,3,42.333332,30,1
30052,3,0,0,0,3,0,1,3,46.333332,30,1
30053,12,1,3,1,9,0,2,10,46.916668,30,3
30054,6,0,1,0,4,0,1,0,44.333332,30,1
30055,1,0,1,0,0,0,1,1,42,30,1
30057,1,0,1,0,0,0,1,1,39,30,1
30058,2,0,0,0,0,1,2,2,32.5,30,1
30059,3,0,1,0,2,0,2,1,52.333332,30,1
30060,1,1,1,1,1,0,0,1,57,30,3
30061,14,3,5,2,7,0,7,11,48.857143,30,3
30065,23,2,7,1,11,0,13,13,46.260868,30,3
30066,2,0,2,0,0,0,1,2,51,30,1
30067,1,0,1,0,1,0,0,1,24,30,1
30068,55,1,11,1,38,0,28,23,39.672726,30,3
30069,5,1,2,1,1,0,2,2,45.799999,30,3
30070,1,0,0,0,1,0,0,1,2,30,1
30071,2,0,1,0,1,0,0,2,56.5,30,1
30072,2,0,1,0,1,0,0,2,33,30,1
30073,9,1,1,0,6,0,6,6,49.333332,30,2
30074,2,0,0,0,1,0,1,0,38,30,1
30077,7,0,5,0,5,0,0,7,31.714285,30,1
30080,3,0,1,0,2,0,1,0,28,30,1
30081,6,0,0,0,1,0,5,3,42.666668,30,1
30082,4,0,2,0,2,0,4,3,52.5,30,1
30083,3,0,2,0,2,1,1,3,37.666668,30,1
30084,3,1,0,0,1,0,1,1,53,30,2
30085,24,2,7,0,11,0,13,10,45,30,2
30086,4,1,2,0,3,0,3,3,44.75,30,2
30087,190,11,26,1,96,1,122,57,43.463158,30,3
30088,1,0,0,0,1,0,0,0,46,30,1
30089,14,2,7,1,6,0,5,7,46.5,30,3
30090,4,1,3,1,0,0,1,2,48,30,3
30091,1,0,0,0,1,0,0,1,21,30,1
30092,4,0,0,0,4,0,1,2,53.25,30,1
30094,4,0,0,0,1,0,0,3,36.5,30,1
30095,1,0,0,0,0,0,0,1,71,30,1
30097,23,3,3,1,14,0,1,9,42.869564,30,3
30098,8,1,1,1,3,1,0,1,42.125,30,3
30099,2,1,2,1,2,0,0,2,56.5,30,3
30100,9,2,2,1,4,0,3,4,44.555557,30,3
30101,6,2,3,2,3,0,3,3,43.666668,30,3
30102,41,4,7,4,23,0,11,26,44.414635,30,3
30103,1,0,0,0,0,0,1,0,39,30,1
30105,88,4,20,4,42,0,12,21,41.18182,30,3
30106,1,0,1,0,1,0,0,0,55,30,1
30108,185,10,73,9,96,2,96,86,48.556755,30,3
30109,10,3,7,2,8,0,3,9,56.400002,30,3
30111,4,0,2,0,0,0,3,4,70.75,30,1
30112,2,0,0,0,2,0,2,2,38.5,30,1
30113,1,0,0,0,1,0,0,1,58,30,1
30114,1,0,0,0,1,0,0,1,82,30,1
30115,15,2,2,1,7,0,10,7,54.866665,30,3
30116,2,0,2,0,2,0,1,2,41,30,1
30117,1,0,0,0,0,0,0,0,30,30,1
30118,121,5,18,1,62,0,76,31,45.049587,30,3
30120,2,0,2,0,1,0,2,0,36,30,1
30121,1,0,0,0,0,0,1,1,67,30,1
30122,1,1,1,1,1,1,0,1,66,30,3
30123,24,5,1,0,10,1,11,7,39.791668,30,2
30124,54,4,16,0,31,7,43,19,43.648148,30,2
30125,8,1,2,0,4,0,2,7,64,30,2
30126,6,0,0,0,6,0,0,3,42.5,30,1
30127,1,0,1,0,1,0,1,0,41,30,1
30128,12,1,6,1,10,0,3,10,46.583332,30,3
30129,1,0,0,0,0,0,1,1,1,30,1
30130,4,0,1,0,3,0,1,4,38,30,1
30131,281,29,149,20,169,4,163,136,50.615658,30,3
30132,4,0,0,0,2,0,3,2,40.25,30,1
30133,11,1,2,0,5,0,5,7,57.636364,30,2
30134,8,2,2,0,5,0,0,3,29.125,30,2
30135,5,0,1,0,1,2,1,1,33.599998,30,1
30138,28,1,2,0,13,0,17,6,44.42857,30,2
30139,2,0,1,0,1,0,0,1,41.5,30,1
30140,1,0,0,0,1,1,0,1,63,30,1
30141,29,1,12,1,14,0,16,19,41.793102,30,3
30142,2,0,0,0,1,0,0,1,70,30,1
30143,17,2,9,0,13,0,3,12,45.64706,30,2
30144,3,0,1,0,1,0,0,2,43,30,1
30145,3,0,0,0,2,0,1,2,40,30,1
30147,3,0,1,0,2,3,0,3,41.666668,30,1
30148,11,1,1,0,8,0,4,8,39.545456,30,2
30149,1,0,0,0,0,0,0,1,67,30,1
30151,5,2,2,2,1,0,3,5,46.400002,30,3
30152,2,1,0,0,0,0,1,2,54,30,2
30155,6,0,1,0,4,1,0,4,48.5,30,1
30156,1,0,0,0,1,0,1,1,77,30,1
30158,2,0,0,0,0,0,1,2,46.5,30,1
30160,7,0,2,0,3,0,3,6,29.714285,30,1
30161,3,0,0,0,1,0,0,0,49.666668,30,1
30164,2,0,0,0,1,0,1,1,29,30,1
30169,8,0,4,0,4,0,1,5,32.625,30,1
30172,1,0,0,0,1,0,0,1,65,30,1
30173,13,2,1,1,6,1,3,11,52.23077,30,3
30174,22,4,11,3,12,0,9,17,46.454544,30,3
30175,21,4,13,3,12,0,14,13,45.619049,30,3
30176,1,0,0,0,1,0,0,0,88,30,1
30177,1,0,0,0,0,0,1,1,68,30,1
30178,10,1,4,1,7,0,2,7,49.5,30,3
30181,7,1,1,0,5,0,1,4,49.285713,30,2
30182,3,0,1,0,3,0,2,2,43,30,1
30183,8,0,0,0,3,0,1,4,35.875,30,1
30186,1,0,0,0,0,0,0,1,64,30,1
30187,1,1,0,0,1,0,1,1,26,30,2
30188,1,1,1,1,1,0,0,1,52,30,3
30189,71,2,25,0,48,1,19,34,43.859154,30,2
30190,1,0,0,0,0,0,0,0,34,30,1
30191,23,0,3,0,9,1,3,8,50.04348,30,1
30192,2,0,1,0,2,0,2,1,56.5,30,1
30193,1521,81,615,52,809,1,432,496,45.374752,30,3
30194,1,0,0,0,1,0,0,1,44,30,1
30196,7,1,2,1,6,0,0,5,49.57143,30,3
30201,8,0,0,0,4,1,0,2,36.625,30,1
30204,19,2,8,2,10,0,19,14,52.578949,30,3
30205,3,0,0,0,2,0,0,1,32,30,1
30206,24,9,14,6,15,0,21,20,60.291668,30,3
30207,5,2,2,1,4,0,3,3,47.599998,30,3
30208,10,0,1,0,1,0,1,0,42.599998,30,1
30210,2,0,1,0,1,0,0,2,73,30,1
30211,6,0,1,0,5,0,1,4,41.333332,30,1
31001,6,0,1,0,2,1,0,2,44.166668,31,1
31002,17,2,4,0,11,6,10,10,48.235294,31,2
31003,4,0,2,0,2,1,1,1,35,31,1
31004,9,1,3,1,4,1,3,3,51.888889,31,3
31005,2,0,0,0,1,0,0,0,16,31,1
31006,14,0,1,0,4,0,14,0,32.142857,31,1
31007,4,0,1,0,1,0,2,1,39.25,31,1
31008,2,0,1,0,2,0,2,2,41,31,1
31009,2,1,0,0,1,1,0,1,50,31,2
31010,3,0,0,0,0,3,3,0,35,31,1
31011,7,0,0,0,5,0,6,0,32.42857,31,1
31012,2,0,1,0,1,1,2,0,72,31,1
31013,21,0,7,0,14,0,7,5,42.476189,31,1
31014,1,0,0,0,0,0,1,0,1,31,1
31015,2,0,0,0,1,1,1,1,44.5,31,1
31016,2,0,0,0,1,2,2,0,43.5,31,1
31017,2,0,0,0,0,1,1,1,24,31,1
31018,2,0,0,0,2,0,2,0,25,31,1
31019,18,4,5,2,6,12,8,10,47.055557,31,3
31020,5,0,2,0,2,0,1,0,36,31,1
31021,8,1,1,0,5,6,6,2,27.625,31,2
31022,8,2,6,1,5,8,3,5,58.125,31,3
31023,10,0,7,0,6,2,1,3,41.599998,31,1
31024,3,0,1,0,1,1,2,0,29.333334,31,1
31025,5,0,0,0,2,0,5,0,29,31,1
31026,1,1,0,0,0,0,0,1,77,31,2
31027,4,0,2,0,2,0,2,2,48,31,1
31028,1,0,0,0,0,0,0,0,59,31,1
31029,2,0,0,0,2,1,1,2,79.5,31,1
31030,6,0,1,0,2,1,5,1,18,31,1
31031,5,0,0,0,2,1,0,0,37.799999,31,1
31032,15,0,5,0,8,5,15,4,35.266666,31,1
31033,11,1,6,1,8,3,2,5,46.81818,31,3
31034,14,1,8,0,7,5,4,2,44.357143,31,2
31035,2,1,1,0,1,1,0,2,65.5,31,2
31036,3,0,3,0,2,1,3,3,38.666668,31,1
31037,2,0,2,0,0,0,1,0,28,31,1
31038,40,2,24,2,23,6,11,14,45.099998,31,3
31039,1,1,0,0,0,0,1,1,1,31,2
31040,28,1,10,1,13,10,2,11,39.32143,31,3
31041,84,3,41,2,42,2,49,19,38.773811,31,3
31042,2,0,1,0,0,0,1,1,22.5,31,1
31043,6,0,6,0,4,3,5,1,26.333334,31,1
31044,13,0,8,0,5,1,3,1,33.53846,31,1
31045,6,0,5,0,5,1,1,4,53.166668,31,1
31046,7,0,7,0,7,5,7,0,35.857143,31,1
31047,3,0,0,0,2,0,3,0,24.333334,31,1
31048,32,2,17,2,18,3,8,16,42.75,31,3
31049,5,0,0,0,1,4,5,0,35.599998,31,1
31050,1995,60,570,27,1001,25,1231,259,40.889725,31,3
31051,3,0,1,0,1,0,2,0,40,31,1
31052,15,2,3,1,6,1,4,7,46,31,3
31053,6,1,4,1,3,1,4,3,54.5,31,3
31054,8,0,4,0,5,1,1,1,41.5,31,1
31055,5,0,4,0,5,3,4,1,42.200001,31,1
31056,13,0,1,0,4,5,2,5,28.23077,31,1
31057,3,0,1,0,0,1,3,0,16.666666,31,1
31058,13,1,2,0,6,7,11,2,35.692307,31,2
31059,29,3,7,2,16,1,9,11,45.034481,31,3
31060,1,0,0,0,0,0,0,0,43,31,1
31061,10,0,0,0,8,1,10,0,36.200001,31,1
31062,14,0,4,0,5,10,13,1,42.642857,31,1
31063,12,1,4,0,2,1,3,3,51.416668,31,2
31064,4,4,4,4,3,3,2,4,73.75,31,3
31065,1,0,0,0,1,0,1,0,19,31,1
31066,3,0,0,0,2,2,3,0,36.666668,31,1
31067,9,0,5,0,9,0,6,4,33.111111,31,1
31068,6,0,2,0,4,1,4,1,61.5,31,1
31069,1,0,0,0,0,1,1,1,60,31,1
31070,1,0,0,0,1,0,1,0,26,31,1
31073,2,0,0,0,1,2,2,0,17.5,31,1
31074,9,0,7,0,7,2,0,0,34.333332,31,1
31075,4,0,3,0,1,3,4,0,34.25,31,1
31076,12,1,9,1,8,0,5,2,36.583332,31,3
31078,4,1,2,1,2,0,1,1,49.25,31,3
31079,29,2,12,2,20,7,24,5,41.862068,31,3
31080,2,0,1,0,2,1,0,2,46,31,1
31081,4,0,1,0,2,4,1,3,56.5,31,1
31082,2,0,0,0,0,0,0,0,33,31,1
31083,2,0,0,0,2,1,1,2,42,31,1
31084,2,0,0,0,1,0,0,1,61.5,31,1
31085,16,0,5,0,8,10,13,4,42.875,31,1
31086,4,0,1,0,4,2,0,2,46.75,31,1
31087,8,1,4,0,6,2,3,4,52,31,2
31088,4,0,2,0,0,0,1,1,30.75,31,1
31089,43,0,11,0,19,4,40,2,38.767441,31,1
31090,6,0,2,0,3,1,3,3,28.166666,31,1
31091,11,1,6,0,8,7,8,3,50,31,2
31092,4,0,1,0,3,2,3,0,14.5,31,1
31093,10,1,1,0,8,3,5,3,46,31,2
31094,1,0,0,0,0,1,1,0,45,31,1
31095,6,1,3,1,3,2,3,2,46.666668,31,3
31096,28,2,1,0,16,8,21,13,32.82143,31,2
31097,1,0,0,0,0,0,0,0,20,31,1
31098,2,0,0,0,0,1,0,1,52,31,1
31099,2,0,0,0,1,2,1,1,65,31,1
31100,2,0,0,0,1,0,1,1,26.5,31,1
31101,78,5,41,3,38,5,14,19,42.512821,31,3
31102,144,6,49,5,73,31,104,23,38.229168,31,3
31103,4,0,2,0,3,2,0,1,40.5,31,1
31104,4,2,1,1,2,1,3,2,59.75,31,3
31105,2,0,1,0,2,0,1,1,49,31,1
31106,1,0,0,0,1,0,1,0,31,31,1
32001,2,0,0,0,0,0,1,1,52,32,1
32002,2,0,0,0,0,0,1,0,37,32,1
32003,1,0,0,0,1,0,1,0,59,32,1
32004,1,0,0,0,1,0,1,0,23,32,1
32005,13,1,0,0,6,0,13,8,46.076923,32,2
32006,3,1,1,0,3,0,2,2,36,32,2
32007,4,0,0,0,4,0,1,1,40.5,32,1
32008,3,0,0,0,3,0,3,2,50.333332,32,1
32009,3,0,0,0,2,0,3,1,72,32,1
32010,94,5,9,2,48,0,83,29,41.797871,32,3
32011,5,0,1,0,2,0,0,0,41.799999,32,1
32013,3,1,1,0,1,0,3,2,35.333332,32,2
32014,5,1,0,0,3,0,1,3,62,32,2
32016,9,0,5,0,6,0,7,4,36.111111,32,1
32017,231,5,36,3,108,1,179,30,40.129871,32,3
32019,6,0,0,0,3,0,2,1,28.666666,32,1
32020,98,9,30,7,55,1,83,30,45.663265,32,3
32022,8,1,0,0,3,0,3,1,39.5,32,2
32023,3,0,0,0,1,0,0,0,29.333334,32,1
32024,35,1,10,1,22,0,32,8,37.685715,32,3
32025,2,0,0,0,1,0,2,1,18.5,32,1
32026,6,0,0,0,3,0,0,1,28,32,1
32029,6,0,1,0,2,0,0,0,41.833332,32,1
32031,1,0,0,0,1,0,1,1,69,32,1
32032,22,0,7,0,13,0,13,3,43.636364,32,1
32034,16,0,3,0,5,0,2,9,37.4375,32,1
32035,3,0,0,0,1,0,3,3,63.333332,32,1
32036,17,1,1,1,11,0,16,7,48.823528,32,3
32037,3,0,0,0,0,0,3,2,37,32,1
32038,29,0,5,0,19,0,5,11,43.655174,32,1
32039,34,5,7,2,21,0,5,14,46.35294,32,3
32040,4,1,0,0,4,0,3,3,69.5,32,2
32041,1,0,0,0,0,0,1,0,30,32,1
32042,19,2,2,0,10,0,14,11,40.578949,32,2
32044,2,0,0,0,2,0,1,1,10,32,1
32045,9,1,5,1,4,0,3,2,46.222221,32,3
32046,10,3,7,3,6,0,6,6,62.799999,32,3
32047,2,0,0,0,1,0,2,1,85,32,1
32048,8,0,0,0,4,1,8,2,42.875,32,1
32049,3,0,0,0,2,0,2,0,54.333332,32,1
32050,4,0,0,0,1,0,4,2,48,32,1
32051,5,0,0,0,2,0,2,2,35.599998,32,1
32052,6,0,0,0,3,0,1,4,53.333332,32,1
32053,2,1,0,0,1,0,2,2,59.5,32,2
32054,8,1,1,1,3,0,5,4,43.875,32,3
32055,21,1,3,0,13,0,2,3,38,32,2
32056,313,5,35,1,150,1,222,52,41.188499,32,3
32057,12,2,2,0,7,0,9,7,35.916668,32,2
32058,1,1,0,0,1,0,1,1,73,32,2
